2026-04-04 12:40:57 | INFO     | smart_grid | ======================================================================
2026-04-04 12:40:57 | INFO     | smart_grid |   СИСТЕМА ПРОГНОЗИРОВАНИЯ ЭНЕРГОПОТРЕБЛЕНИЯ — SMART GRID
2026-04-04 12:40:57 | INFO     | smart_grid | ======================================================================
2026-04-04 12:40:57 | INFO     | smart_grid | Optimal mode v4: DAYS=365, EPOCHS=200, HISTORY=48 | LSTM=128/64/64 attn=4h | Trans d=128 h=8 L=4 lr=3e-04 sdrop=0.10 | RevIN=True | STORAGE=720h | BAT=4500 кВт·ч
2026-04-04 12:40:57 | INFO     | smart_grid | 
[1/10] Генерация данных...
2026-04-04 12:40:57 | INFO     | smart_grid.data.generator | Генерация Smart Grid v4: 365 дней, 500 домохозяйств
2026-04-04 12:40:58 | INFO     | smart_grid.data.generator | Типы домохозяйств: ранние=140 (28%), стандартные=260 (52%), ночные=100 (20%)
2026-04-04 12:40:58 | INFO     | smart_grid.data.generator | Сгенерировано 8760 записей. Потребление: min=348.4, mean=6424.0, max=19324.4 кВт·ч
2026-04-04 12:40:58 | INFO     | smart_grid.data.generator | Валидация данных Smart Grid v4...
2026-04-04 12:40:58 | INFO     | smart_grid.data.generator |   ✅ NaN/Inf: нет
2026-04-04 12:40:58 | INFO     | smart_grid.data.generator |   ✅ Отрицательных значений: нет
2026-04-04 12:40:58 | INFO     | smart_grid.data.generator |   ✅ Утренний пик: 8:00
2026-04-04 12:40:58 | INFO     | smart_grid.data.generator |   ✅ Вечерний пик: 20:00
2026-04-04 12:40:58 | INFO     | smart_grid.data.generator |   ✅ Выходные/будни: 0.96
2026-04-04 12:40:58 | INFO     | smart_grid.data.generator |   ✅ Сезонность: зима=8205.8 > лето=5000.4
2026-04-04 12:40:58 | INFO     | smart_grid.data.generator |   ✅ Диапазон температур: -38.0..42.3°C
2026-04-04 12:40:58 | INFO     | smart_grid.data.generator |   ✅ ACF(lag=24)  = 0.895 ≥ 0.5 — суточная сезонность OK
2026-04-04 12:40:58 | INFO     | smart_grid.data.generator |   ✅ ACF(lag=168) = 0.799 ≥ 0.3 — недельная сезонность OK
2026-04-04 12:40:58 | INFO     | smart_grid.data.generator | Валидация ПРОЙДЕНА
2026-04-04 12:40:58 | INFO     | smart_grid | ──────────────────────────────────────────────────
2026-04-04 12:40:58 | INFO     | smart_grid | КОНФИГУРАЦИЯ:
2026-04-04 12:40:58 | INFO     | smart_grid |   Данные:      365 дней, 500 домохозяйств
2026-04-04 12:40:58 | INFO     | smart_grid |   Признаки:    15 ковариат на шаг (мультивариантный вход)
2026-04-04 12:40:58 | INFO     | smart_grid |   История:     48 ч → прогноз 24 ч
2026-04-04 12:40:58 | INFO     | smart_grid |   Обучение:    200 эпох, batch=32
2026-04-04 12:40:58 | INFO     | smart_grid |   LSTM:        units=128/64/64, drop=0.20, lr=0.0003, input=(48,15)
2026-04-04 12:40:58 | INFO     | smart_grid |   Transformer: d=128 h=8 L=4 dff=256 drop=0.20, lr=0.0003, input=(48,15)
2026-04-04 12:40:58 | INFO     | smart_grid |   XGBoost:     n_est=500, depth=5, col=0.40
2026-04-04 12:40:58 | INFO     | smart_grid |   Тарифы:      пик=6.50 день=4.20 ночь=1.80 руб/кВт·ч
2026-04-04 12:40:58 | INFO     | smart_grid |   Батарея:     4500 кВт·ч, SOC 25%→75% (ΔE=2250 кВт·ч)
2026-04-04 12:40:58 | INFO     | smart_grid | ──────────────────────────────────────────────────
2026-04-04 12:40:58 | INFO     | smart_grid | 
[2/10] Исследовательский анализ данных...
2026-04-04 12:40:58 | INFO     | smart_grid.analysis.eda | Запуск EDA...
2026-04-04 12:40:58 | INFO     | smart_grid.analysis.eda | 
count     8760.000000
mean      6423.956543
std       2390.011475
min        348.439148
25%       4779.621216
50%       5885.643311
75%       7900.856201
max      19324.371094
2026-04-04 12:40:58 | INFO     | smart_grid.analysis.eda | CV=0.372  Skew=0.879  Kurt=1.177
2026-04-04 12:40:59 | INFO     | smart_grid.analysis.eda | Декомпозиция временного ряда...
2026-04-04 12:41:01 | INFO     | smart_grid.analysis.eda | EDA завершён. Графики сохранены в: c:\Users\Admin\Desktop\smartgrid\results\plots
2026-04-04 12:41:01 | INFO     | smart_grid | 
[3/10] Подготовка данных (scaler fit только на train)...
2026-04-04 12:41:01 | INFO     | smart_grid.data.preprocessing | Данные подготовлены v4.1 | train=6061 val=1243 test=1243 | n_features=15
2026-04-04 12:41:01 | INFO     | smart_grid.data.preprocessing | X_train.shape: (6061, 48, 15)  Y_train.shape: (6061, 24)
2026-04-04 12:41:01 | INFO     | smart_grid.data.preprocessing | Скалеры: humidity=ok  wind=ok  rolling_std=ok  temp_sq_max=не нужен (колонка есть)
2026-04-04 12:41:01 | INFO     | smart_grid | ✅ ЧЕКЛИСТ X_train.shape=(6061, 48, 15) | 15 ковариат подтверждено
2026-04-04 12:41:01 | INFO     | smart_grid.data.preprocessing | validate_data_integrity ПРОЙДЕНА | train=6061 val=1243 test=1243 | Y in [0.000, 1.000]
2026-04-04 12:41:01 | INFO     | smart_grid | 
[4/10] Инициализация моделей...
2026-04-04 12:41:01 | WARNING  | tensorflow | From C:\Users\Admin\AppData\Local\Programs\Python\Python312\Lib\site-packages\keras\src\backend\tensorflow\core.py:204: The name tf.placeholder is deprecated. Please use tf.compat.v1.placeholder instead.

2026-04-04 12:41:01 | INFO     | smart_grid.models.lstm | AttentionLSTM v6 | 166616 параметров | input=(48,15) | LSTM=128/64 seq_drop=0.05 | Attn heads=4 key_dim=16 | Dense L2=1e-5 drop=0.20/0.10 | lr=3e-04 | MSE
2026-04-04 12:41:02 | INFO     | smart_grid.models.transformer | VanillaTransformer v4 [sinusoidal] d=128 h=8 L=4 sdrop=0.10 | 601624 params
2026-04-04 12:41:02 | INFO     | smart_grid.models.transformer | PatchTST v4: history=48 patch=8 stride=4 → 11 patches | RevIN=True
2026-04-04 12:41:02 | INFO     | smart_grid.models.transformer | PatchTST v4 patch=8 stride=4 n_p=11 d=128 h=8 L=4 sdrop=0.10 RevIN=True | 615094 params
2026-04-04 12:41:02 | INFO     | smart_grid.models.baseline | XGBoost v5 (FullLags + RollingAllChannels + MultiHorizon) | ~165 признаков | 24 независимых модели + val-early-stopping | n_est=500 depth=5 min_cw=10
2026-04-04 12:41:02 | INFO     | smart_grid | Параметры: LSTM=166616 | VanillaTrans=601624 | PatchTST=615094
2026-04-04 12:41:02 | INFO     | smart_grid | 
[5/10] Обучение моделей...
2026-04-04 12:41:02 | INFO     | smart_grid.models.trainer | ============================================================
2026-04-04 12:41:02 | INFO     | smart_grid.models.trainer | Обучение модели: LSTM
2026-04-04 12:41:02 | INFO     | smart_grid.models.trainer | ============================================================
2026-04-04 12:41:53 | INFO     | smart_grid | ======================================================================
2026-04-04 12:41:53 | INFO     | smart_grid |   СИСТЕМА ПРОГНОЗИРОВАНИЯ ЭНЕРГОПОТРЕБЛЕНИЯ — SMART GRID
2026-04-04 12:41:53 | INFO     | smart_grid | ======================================================================
2026-04-04 12:41:53 | INFO     | smart_grid | Optimal mode v7: DAYS=365, EPOCHS=200, HISTORY=48 | LSTM=128/64/64 attn=4h | Trans d=128 h=8 L=4 lr=3e-04 sdrop=0.10 | RevIN=True | STORAGE=720h | BAT=4500 кВт·ч
2026-04-04 12:41:53 | INFO     | smart_grid | 
[1/10] Генерация данных...
2026-04-04 12:41:53 | INFO     | smart_grid.data.generator | Генерация Smart Grid v4: 365 дней, 500 домохозяйств
2026-04-04 12:41:53 | INFO     | smart_grid.data.generator | Типы домохозяйств: ранние=140 (28%), стандартные=260 (52%), ночные=100 (20%)
2026-04-04 12:41:53 | INFO     | smart_grid.data.generator | Сгенерировано 8760 записей. Потребление: min=348.4, mean=6424.0, max=19324.4 кВт·ч
2026-04-04 12:41:53 | INFO     | smart_grid.data.generator | Валидация данных Smart Grid v4...
2026-04-04 12:41:53 | INFO     | smart_grid.data.generator |   ✅ NaN/Inf: нет
2026-04-04 12:41:53 | INFO     | smart_grid.data.generator |   ✅ Отрицательных значений: нет
2026-04-04 12:41:53 | INFO     | smart_grid.data.generator |   ✅ Утренний пик: 8:00
2026-04-04 12:41:53 | INFO     | smart_grid.data.generator |   ✅ Вечерний пик: 20:00
2026-04-04 12:41:53 | INFO     | smart_grid.data.generator |   ✅ Выходные/будни: 0.96
2026-04-04 12:41:53 | INFO     | smart_grid.data.generator |   ✅ Сезонность: зима=8205.8 > лето=5000.4
2026-04-04 12:41:53 | INFO     | smart_grid.data.generator |   ✅ Диапазон температур: -38.0..42.3°C
2026-04-04 12:41:53 | INFO     | smart_grid.data.generator |   ✅ ACF(lag=24)  = 0.895 ≥ 0.5 — суточная сезонность OK
2026-04-04 12:41:53 | INFO     | smart_grid.data.generator |   ✅ ACF(lag=168) = 0.799 ≥ 0.3 — недельная сезонность OK
2026-04-04 12:41:53 | INFO     | smart_grid.data.generator | Валидация ПРОЙДЕНА
2026-04-04 12:41:53 | INFO     | smart_grid | ──────────────────────────────────────────────────
2026-04-04 12:41:53 | INFO     | smart_grid | КОНФИГУРАЦИЯ:
2026-04-04 12:41:53 | INFO     | smart_grid |   Данные:      365 дней, 500 домохозяйств
2026-04-04 12:41:53 | INFO     | smart_grid |   Признаки:    15 ковариат на шаг (мультивариантный вход)
2026-04-04 12:41:53 | INFO     | smart_grid |   История:     48 ч → прогноз 24 ч
2026-04-04 12:41:53 | INFO     | smart_grid |   Обучение:    200 эпох, batch=32
2026-04-04 12:41:53 | INFO     | smart_grid |   LSTM:        units=128/64/64, drop=0.20, lr=0.0003, input=(48,15)
2026-04-04 12:41:53 | INFO     | smart_grid |   Transformer: d=128 h=8 L=4 dff=256 drop=0.20, lr=0.0003, input=(48,15)
2026-04-04 12:41:53 | INFO     | smart_grid |   XGBoost:     n_est=500, depth=5, col=0.40
2026-04-04 12:41:53 | INFO     | smart_grid |   Тарифы:      пик=6.50 день=4.20 ночь=1.80 руб/кВт·ч
2026-04-04 12:41:53 | INFO     | smart_grid |   Батарея:     4500 кВт·ч, SOC 25%→75% (ΔE=2250 кВт·ч)
2026-04-04 12:41:53 | INFO     | smart_grid | ──────────────────────────────────────────────────
2026-04-04 12:41:53 | INFO     | smart_grid | 
[2/10] Исследовательский анализ данных...
2026-04-04 12:41:53 | INFO     | smart_grid.analysis.eda | Запуск EDA...
2026-04-04 12:41:53 | INFO     | smart_grid.analysis.eda | 
count     8760.000000
mean      6423.956543
std       2390.011475
min        348.439148
25%       4779.621216
50%       5885.643311
75%       7900.856201
max      19324.371094
2026-04-04 12:41:53 | INFO     | smart_grid.analysis.eda | CV=0.372  Skew=0.879  Kurt=1.177
2026-04-04 12:41:54 | INFO     | smart_grid.analysis.eda | Декомпозиция временного ряда...
2026-04-04 12:41:55 | INFO     | smart_grid.analysis.eda | EDA завершён. Графики сохранены в: c:\Users\Admin\Desktop\smartgrid\results\plots
2026-04-04 12:41:55 | INFO     | smart_grid | 
[3/10] Подготовка данных (scaler fit только на train)...
2026-04-04 12:41:55 | INFO     | smart_grid.data.preprocessing | Данные подготовлены v4.1 | train=6061 val=1243 test=1243 | n_features=15
2026-04-04 12:41:55 | INFO     | smart_grid.data.preprocessing | X_train.shape: (6061, 48, 15)  Y_train.shape: (6061, 24)
2026-04-04 12:41:55 | INFO     | smart_grid.data.preprocessing | Скалеры: humidity=ok  wind=ok  rolling_std=ok  temp_sq_max=не нужен (колонка есть)
2026-04-04 12:41:55 | INFO     | smart_grid | ✅ ЧЕКЛИСТ X_train.shape=(6061, 48, 15) | 15 ковариат подтверждено
2026-04-04 12:41:55 | INFO     | smart_grid.data.preprocessing | validate_data_integrity ПРОЙДЕНА | train=6061 val=1243 test=1243 | Y in [0.000, 1.000]
2026-04-04 12:41:55 | INFO     | smart_grid | 
[4/10] Инициализация моделей...
2026-04-04 12:41:56 | WARNING  | tensorflow | From C:\Users\Admin\AppData\Local\Programs\Python\Python312\Lib\site-packages\keras\src\backend\tensorflow\core.py:204: The name tf.placeholder is deprecated. Please use tf.compat.v1.placeholder instead.

2026-04-04 12:41:56 | INFO     | smart_grid.models.lstm | AttentionLSTM v6 | 166616 параметров | input=(48,15) | LSTM=128/64 seq_drop=0.05 | Attn heads=4 key_dim=16 | Dense L2=1e-5 drop=0.20/0.10 | lr=3e-04 | MSE
2026-04-04 12:41:56 | INFO     | smart_grid.models.transformer | VanillaTransformer v4 [sinusoidal] d=128 h=8 L=4 sdrop=0.10 | 601624 params
2026-04-04 12:41:56 | INFO     | smart_grid.models.transformer | PatchTST v4: history=48 patch=8 stride=4 → 11 patches | RevIN=True
2026-04-04 12:41:57 | INFO     | smart_grid.models.transformer | PatchTST v4 patch=8 stride=4 n_p=11 d=128 h=8 L=4 sdrop=0.10 RevIN=True | 615094 params
2026-04-04 12:41:57 | INFO     | smart_grid.models.baseline | XGBoost v5 (FullLags + RollingAllChannels + MultiHorizon) | ~165 признаков | 24 независимых модели + val-early-stopping | n_est=500 depth=5 min_cw=10
2026-04-04 12:41:57 | INFO     | smart_grid | Параметры: LSTM=166616 | VanillaTrans=601624 | PatchTST=615094
2026-04-04 12:41:57 | INFO     | smart_grid | 
[5/10] Обучение моделей...
2026-04-04 12:41:57 | INFO     | smart_grid.models.trainer | ============================================================
2026-04-04 12:41:57 | INFO     | smart_grid.models.trainer | Обучение модели: LSTM
2026-04-04 12:41:57 | INFO     | smart_grid.models.trainer | ============================================================
2026-04-04 12:52:21 | INFO     | smart_grid.models.trainer | LSTM: обучение завершено за 47 эпох
2026-04-04 12:52:21 | INFO     | smart_grid.models.trainer | LSTM обучена за 624.6 сек
2026-04-04 12:52:22 | INFO     | smart_grid.models.trainer | ============================================================
2026-04-04 12:52:22 | INFO     | smart_grid.models.trainer | Обучение модели: VanillaTransformer
2026-04-04 12:52:22 | INFO     | smart_grid.models.trainer | ============================================================
2026-04-04 13:31:29 | INFO     | smart_grid.models.trainer | VanillaTransformer: обучение завершено за 80 эпох
2026-04-04 13:31:29 | INFO     | smart_grid.models.trainer | VanillaTransformer обучена за 2346.9 сек
2026-04-04 13:31:29 | INFO     | smart_grid.models.trainer | ============================================================
2026-04-04 13:31:29 | INFO     | smart_grid.models.trainer | Обучение модели: PatchTST
2026-04-04 13:31:29 | INFO     | smart_grid.models.trainer | ============================================================
2026-04-04 13:41:04 | INFO     | smart_grid.models.trainer | PatchTST: обучение завершено за 37 эпох
2026-04-04 13:41:04 | INFO     | smart_grid.models.trainer | PatchTST обучена за 575.3 сек
2026-04-04 13:41:05 | INFO     | smart_grid.models.trainer | ============================================================
2026-04-04 13:41:05 | INFO     | smart_grid.models.trainer | Обучение модели: LinearRegression
2026-04-04 13:41:05 | INFO     | smart_grid.models.trainer | ============================================================
2026-04-04 13:41:05 | INFO     | smart_grid.models.baseline | LinearRegression обучен | X_flat: 720 фич
2026-04-04 13:41:05 | INFO     | smart_grid.models.trainer | LinearRegression обучена за 0.6 сек
2026-04-04 13:41:05 | INFO     | smart_grid.models.trainer | ============================================================
2026-04-04 13:41:05 | INFO     | smart_grid.models.trainer | Обучение модели: XGBoost
2026-04-04 13:41:05 | INFO     | smart_grid.models.trainer | ============================================================
2026-04-04 13:42:27 | INFO     | smart_grid.models.baseline | XGBoost обучен | lag-features: 165 | Y: (6061, 24)
2026-04-04 13:42:27 | INFO     | smart_grid.models.trainer | XGBoost обучена за 81.5 сек
2026-04-04 13:42:27 | INFO     | smart_grid | 
[6/10] Сравнение моделей на тестовой выборке...
2026-04-04 13:42:27 | INFO     | smart_grid.models.trainer | 
============================================================
2026-04-04 13:42:27 | INFO     | smart_grid.models.trainer | СРАВНЕНИЕ МОДЕЛЕЙ (split=TEST)
2026-04-04 13:42:27 | INFO     | smart_grid.models.trainer | ============================================================
2026-04-04 13:42:27 | INFO     | smart_grid.models.trainer | Модель                      MAE     RMSE    MAPE%      R2
2026-04-04 13:42:27 | INFO     | smart_grid.models.trainer | ----------------------------------------------------------
2026-04-04 13:42:29 | INFO     | smart_grid.utils.metrics | LSTM            | MAE= 1413.12 | RMSE= 1778.64 | MAPE= 16.49% | R²=0.4746
2026-04-04 13:42:29 | INFO     | smart_grid.models.trainer | LSTM                    1413.12  1778.64   16.49% 0.4746
2026-04-04 13:42:32 | INFO     | smart_grid.utils.metrics | VanillaTransformer | MAE=  838.57 | RMSE= 1170.20 | MAPE= 10.61% | R²=0.7726
2026-04-04 13:42:32 | INFO     | smart_grid.models.trainer | VanillaTransformer       838.57  1170.20   10.61% 0.7726
2026-04-04 13:42:35 | INFO     | smart_grid.utils.metrics | PatchTST        | MAE=  659.49 | RMSE=  990.07 | MAPE=  8.96% | R²=0.8372
2026-04-04 13:42:35 | INFO     | smart_grid.models.trainer | PatchTST                 659.49   990.07    8.96% 0.8372
2026-04-04 13:42:35 | INFO     | smart_grid.utils.metrics | LinearRegression | MAE=  665.02 | RMSE=  981.48 | MAPE=  8.67% | R²=0.8400
2026-04-04 13:42:35 | INFO     | smart_grid.models.trainer | LinearRegression         665.02   981.48    8.67% 0.8400
2026-04-04 13:42:35 | INFO     | smart_grid.utils.metrics | XGBoost         | MAE=  834.24 | RMSE= 1145.67 | MAPE= 10.44% | R²=0.7820
2026-04-04 13:42:35 | INFO     | smart_grid.models.trainer | XGBoost                  834.24  1145.67   10.44% 0.7820
2026-04-04 13:42:35 | INFO     | smart_grid.models.trainer | ----------------------------------------------------------
2026-04-04 13:42:35 | INFO     | smart_grid.models.trainer | Лучшая модель по MAE: PatchTST
2026-04-04 13:42:40 | INFO     | smart_grid | 🏆 Лучшая модель: PatchTST (MAE=659.49)
2026-04-04 13:42:40 | INFO     | smart_grid | 
[7/10] Визуализация весов внимания...
2026-04-04 13:42:42 | INFO     | smart_grid.utils.attention_viz | Attention heatmap: c:\Users\Admin\Desktop\smartgrid\results\plots\attention_VanillaTransformer_block_0.png
2026-04-04 13:42:44 | INFO     | smart_grid.utils.attention_viz | Attention heatmap: c:\Users\Admin\Desktop\smartgrid\results\plots\attention_VanillaTransformer_block_1.png
2026-04-04 13:42:46 | INFO     | smart_grid.utils.attention_viz | Attention heatmap: c:\Users\Admin\Desktop\smartgrid\results\plots\attention_VanillaTransformer_block_2.png
2026-04-04 13:42:47 | INFO     | smart_grid.utils.attention_viz | Attention heatmap: c:\Users\Admin\Desktop\smartgrid\results\plots\attention_VanillaTransformer_block_3.png
2026-04-04 13:42:48 | INFO     | smart_grid.utils.attention_viz | Summary attention: c:\Users\Admin\Desktop\smartgrid\results\plots\attention_summary_VanillaTransformer.png
2026-04-04 13:42:49 | INFO     | smart_grid.utils.attention_viz | Head specialization: c:\Users\Admin\Desktop\smartgrid\results\plots\head_specialization_VanillaTransformer.png
2026-04-04 13:42:51 | INFO     | smart_grid.utils.attention_viz | Attention heatmap: c:\Users\Admin\Desktop\smartgrid\results\plots\attention_PatchTST_block_0.png
2026-04-04 13:42:52 | INFO     | smart_grid.utils.attention_viz | Attention heatmap: c:\Users\Admin\Desktop\smartgrid\results\plots\attention_PatchTST_block_1.png
2026-04-04 13:42:55 | INFO     | smart_grid.utils.attention_viz | Attention heatmap: c:\Users\Admin\Desktop\smartgrid\results\plots\attention_PatchTST_block_2.png
2026-04-04 13:42:56 | INFO     | smart_grid.utils.attention_viz | Attention heatmap: c:\Users\Admin\Desktop\smartgrid\results\plots\attention_PatchTST_block_3.png
2026-04-04 13:42:57 | INFO     | smart_grid.utils.attention_viz | Summary attention: c:\Users\Admin\Desktop\smartgrid\results\plots\attention_summary_PatchTST.png
2026-04-04 13:42:58 | INFO     | smart_grid.utils.attention_viz | Head specialization: c:\Users\Admin\Desktop\smartgrid\results\plots\head_specialization_PatchTST.png
2026-04-04 13:42:58 | INFO     | smart_grid | 
[8/10] Анализ остатков лучшей модели: PatchTST
2026-04-04 13:42:59 | INFO     | smart_grid.analysis.residuals | Анализ остатков модели: PatchTST (n=29832)
2026-04-04 13:43:02 | INFO     | smart_grid.analysis.residuals | ADF тест: stat=-5.5154 p=0.0000 (стационарны)
2026-04-04 13:43:02 | INFO     | smart_grid.analysis.residuals | KPSS тест: stat=0.8699 p=0.0100
2026-04-04 13:43:05 | INFO     | smart_grid.analysis.residuals | Ljung-Box lag=10: p=0.0000  lag=20: p=0.0000
2026-04-04 13:43:05 | INFO     | smart_grid.analysis.residuals | Durbin-Watson: 0.6534 (2.0=нет автокорреляции)
2026-04-04 13:43:05 | INFO     | smart_grid.analysis.residuals | Jarque-Bera: stat=72995.6600 p=0.0000
2026-04-04 13:43:06 | INFO     | smart_grid.analysis.residuals | График остатков: c:\Users\Admin\Desktop\smartgrid\results\plots\residuals_PatchTST.png
2026-04-04 13:43:06 | INFO     | smart_grid | 
[9/10] Скользящий бэктестинг...
2026-04-04 13:43:06 | INFO     | smart_grid.analysis.backtesting | Бэктестинг PatchTST: 8 окон по ~155 шагов
2026-04-04 13:43:06 | INFO     | smart_grid.analysis.backtesting |   Окно  1/8 | MAE=445.25 MAPE=5.98%
2026-04-04 13:43:07 | INFO     | smart_grid.analysis.backtesting |   Окно  2/8 | MAE=460.77 MAPE=5.92%
2026-04-04 13:43:07 | INFO     | smart_grid.analysis.backtesting |   Окно  3/8 | MAE=667.91 MAPE=11.41%
2026-04-04 13:43:07 | INFO     | smart_grid.analysis.backtesting |   Окно  4/8 | MAE=728.90 MAPE=12.61%
2026-04-04 13:43:07 | INFO     | smart_grid.analysis.backtesting |   Окно  5/8 | MAE=508.94 MAPE=6.41%
2026-04-04 13:43:07 | INFO     | smart_grid.analysis.backtesting |   Окно  6/8 | MAE=527.12 MAPE=6.52%
2026-04-04 13:43:08 | INFO     | smart_grid.analysis.backtesting |   Окно  7/8 | MAE=740.29 MAPE=11.35%
2026-04-04 13:43:08 | INFO     | smart_grid.analysis.backtesting |   Окно  8/8 | MAE=1186.59 MAPE=11.43%
2026-04-04 13:43:08 | INFO     | smart_grid.analysis.backtesting | График бэктестинга: c:\Users\Admin\Desktop\smartgrid\results\plots\backtesting_PatchTST.png
2026-04-04 13:43:08 | INFO     | smart_grid.analysis.backtesting | Итого по бэктестингу PatchTST: MAE=658.22±227.71  MAPE=8.95±2.78%
2026-04-04 13:43:08 | INFO     | smart_grid | 
[10/10] Оптимизация накопителя энергии...
2026-04-04 13:43:08 | INFO     | smart_grid.optimization.storage | ──────────────────────────────────────────────────
2026-04-04 13:43:08 | INFO     | smart_grid.optimization.storage | Горизонт: 720 ч (30.0 сут) | SOC 25%→75% (ΔE=2250 кВт·ч)
2026-04-04 13:43:08 | INFO     | smart_grid.optimization.storage | Базовая стоимость:         24221343.09 руб
2026-04-04 13:43:08 | INFO     | smart_grid.optimization.storage | Оптимизированная (грязная):24001232.26 руб
2026-04-04 13:43:08 | INFO     | smart_grid.optimization.storage | Валовая экономия:           220110.83 руб
2026-04-04 13:43:08 | INFO     | smart_grid.optimization.storage |   ├─ Energy arbitrage:      220110.83 руб
2026-04-04 13:43:08 | INFO     | smart_grid.optimization.storage |   └─ Demand-charge эффект:       0.00 руб
2026-04-04 13:43:08 | INFO     | smart_grid.optimization.storage | Стоимость деградации:         6007.50 руб
2026-04-04 13:43:08 | INFO     | smart_grid.optimization.storage | O&M за горизонт:              3696.10 руб
2026-04-04 13:43:08 | INFO     | smart_grid.optimization.storage | ЧИСТАЯ экономия:            210407.23 руб (0.87%)
2026-04-04 13:43:08 | INFO     | smart_grid.optimization.storage | Прокачано:                  100125.00 кВт·ч
2026-04-04 13:43:08 | INFO     | smart_grid.optimization.storage | Часов заряд/разряд:        23 / 22 из 720
2026-04-04 13:43:08 | INFO     | smart_grid.optimization.storage | Экономия/год (оценка):     2559954.66 руб/год
2026-04-04 13:43:08 | INFO     | smart_grid.optimization.storage | Срок окупаемости:                 1.2 лет
2026-04-04 13:43:11 | INFO     | smart_grid.optimization.storage | ──────────────────────────────────────────────────
2026-04-04 13:43:11 | INFO     | smart_grid.optimization.storage | Горизонт: 720 ч (30.0 сут) | SOC 40%→60% (ΔE=900 кВт·ч)
2026-04-04 13:43:11 | INFO     | smart_grid.optimization.storage | Базовая стоимость:         24221343.09 руб
2026-04-04 13:43:11 | INFO     | smart_grid.optimization.storage | Оптимизированная (грязная):24133298.76 руб
2026-04-04 13:43:11 | INFO     | smart_grid.optimization.storage | Валовая экономия:            88044.33 руб
2026-04-04 13:43:11 | INFO     | smart_grid.optimization.storage |   ├─ Energy arbitrage:       88044.33 руб
2026-04-04 13:43:11 | INFO     | smart_grid.optimization.storage |   └─ Demand-charge эффект:       0.00 руб
2026-04-04 13:43:11 | INFO     | smart_grid.optimization.storage | Стоимость деградации:         2403.00 руб
2026-04-04 13:43:11 | INFO     | smart_grid.optimization.storage | O&M за горизонт:             55441.48 руб
2026-04-04 13:43:11 | INFO     | smart_grid.optimization.storage | ЧИСТАЯ экономия:             30199.85 руб (0.12%)
2026-04-04 13:43:11 | INFO     | smart_grid.optimization.storage | Прокачано:                   40050.00 кВт·ч
2026-04-04 13:43:11 | INFO     | smart_grid.optimization.storage | Часов заряд/разряд:        23 / 22 из 720
2026-04-04 13:43:11 | INFO     | smart_grid.optimization.storage | Экономия/год (оценка):      367431.56 руб/год
2026-04-04 13:43:11 | INFO     | smart_grid.optimization.storage | Срок окупаемости:               122.5 лет
2026-04-04 13:43:11 | INFO     | smart_grid.optimization.storage | Стратегия: Консервативная (SOC 40%→60%, ΔE=900 кВт·ч)
2026-04-04 13:43:11 | INFO     | smart_grid.optimization.storage | ──────────────────────────────────────────────────
2026-04-04 13:43:11 | INFO     | smart_grid.optimization.storage | Горизонт: 720 ч (30.0 сут) | SOC 25%→75% (ΔE=2250 кВт·ч)
2026-04-04 13:43:11 | INFO     | smart_grid.optimization.storage | Базовая стоимость:         24221343.09 руб
2026-04-04 13:43:11 | INFO     | smart_grid.optimization.storage | Оптимизированная (грязная):24001232.26 руб
2026-04-04 13:43:11 | INFO     | smart_grid.optimization.storage | Валовая экономия:           220110.83 руб
2026-04-04 13:43:11 | INFO     | smart_grid.optimization.storage |   ├─ Energy arbitrage:      220110.83 руб
2026-04-04 13:43:11 | INFO     | smart_grid.optimization.storage |   └─ Demand-charge эффект:       0.00 руб
2026-04-04 13:43:11 | INFO     | smart_grid.optimization.storage | Стоимость деградации:         6007.50 руб
2026-04-04 13:43:11 | INFO     | smart_grid.optimization.storage | O&M за горизонт:             55441.48 руб
2026-04-04 13:43:11 | INFO     | smart_grid.optimization.storage | ЧИСТАЯ экономия:            158661.85 руб (0.66%)
2026-04-04 13:43:11 | INFO     | smart_grid.optimization.storage | Прокачано:                  100125.00 кВт·ч
2026-04-04 13:43:11 | INFO     | smart_grid.optimization.storage | Часов заряд/разряд:        23 / 22 из 720
2026-04-04 13:43:11 | INFO     | smart_grid.optimization.storage | Экономия/год (оценка):     1930385.87 руб/год
2026-04-04 13:43:11 | INFO     | smart_grid.optimization.storage | Срок окупаемости:                23.3 лет
2026-04-04 13:43:11 | INFO     | smart_grid.optimization.storage | Стратегия: Умеренная (SOC 25%→75%, ΔE=2250 кВт·ч)
2026-04-04 13:43:11 | INFO     | smart_grid.optimization.storage | ──────────────────────────────────────────────────
2026-04-04 13:43:11 | INFO     | smart_grid.optimization.storage | Горизонт: 720 ч (30.0 сут) | SOC 8%→92% (ΔE=3780 кВт·ч)
2026-04-04 13:43:11 | INFO     | smart_grid.optimization.storage | Базовая стоимость:         24221343.09 руб
2026-04-04 13:43:11 | INFO     | smart_grid.optimization.storage | Оптимизированная (грязная):23848731.35 руб
2026-04-04 13:43:11 | INFO     | smart_grid.optimization.storage | Валовая экономия:           372611.74 руб
2026-04-04 13:43:11 | INFO     | smart_grid.optimization.storage |   ├─ Energy arbitrage:      372611.74 руб
2026-04-04 13:43:11 | INFO     | smart_grid.optimization.storage |   └─ Demand-charge эффект:       0.00 руб
2026-04-04 13:43:11 | INFO     | smart_grid.optimization.storage | Стоимость деградации:        10000.80 руб
2026-04-04 13:43:11 | INFO     | smart_grid.optimization.storage | O&M за горизонт:             55441.48 руб
2026-04-04 13:43:11 | INFO     | smart_grid.optimization.storage | ЧИСТАЯ экономия:            307169.46 руб (1.27%)
2026-04-04 13:43:11 | INFO     | smart_grid.optimization.storage | Прокачано:                  166680.00 кВт·ч
2026-04-04 13:43:11 | INFO     | smart_grid.optimization.storage | Часов заряд/разряд:        44 / 44 из 720
2026-04-04 13:43:11 | INFO     | smart_grid.optimization.storage | Экономия/год (оценка):     3737228.45 руб/год
2026-04-04 13:43:11 | INFO     | smart_grid.optimization.storage | Срок окупаемости:                12.0 лет
2026-04-04 13:43:11 | INFO     | smart_grid.optimization.storage | Стратегия: Агрессивная (SOC 8%→92%, ΔE=3780 кВт·ч)
2026-04-04 13:43:11 | INFO     | smart_grid.optimization.storage | ═════════════════════════════════════════════════════════════════
2026-04-04 13:43:11 | INFO     | smart_grid.optimization.storage | Стратегия            ΔE кВт·ч   Чистая экон.     Экон.%    Окупаем.
2026-04-04 13:43:11 | INFO     | smart_grid.optimization.storage | ─────────────────────────────────────────────────────────────────
2026-04-04 13:43:11 | INFO     | smart_grid.optimization.storage | Консервативная            900        30200 руб     0.12%   122.5 лет
2026-04-04 13:43:11 | INFO     | smart_grid.optimization.storage | Умеренная                2250       158662 руб     0.66%    23.3 лет
2026-04-04 13:43:11 | INFO     | smart_grid.optimization.storage | Агрессивная              3780       307169 руб     1.27%    12.0 лет
2026-04-04 13:43:11 | INFO     | smart_grid.optimization.storage | ═════════════════════════════════════════════════════════════════
2026-04-04 13:43:11 | INFO     | smart_grid.optimization.storage | 🏆 Лучшая: Агрессивная | 1.27% | окупаемость 12.0 лет
2026-04-04 13:43:11 | INFO     | smart_grid | Экспорт модели 'PatchTST'...
2026-04-04 13:43:12 | INFO     | smart_grid.utils.deployment | Модель сохранена: c:\Users\Admin\Desktop\smartgrid\results\models\PatchTST\model.keras
2026-04-04 13:43:12 | INFO     | smart_grid.utils.deployment | Scaler сохранён: c:\Users\Admin\Desktop\smartgrid\results\models\PatchTST\scaler.pkl
2026-04-04 13:43:12 | INFO     | smart_grid.utils.deployment | Конфиг сохранён: c:\Users\Admin\Desktop\smartgrid\results\models\PatchTST\config.json
2026-04-04 13:43:12 | INFO     | smart_grid | 
======================================================================
2026-04-04 13:43:12 | INFO     | smart_grid | ✅ Пайплайн завершён успешно!
2026-04-04 13:43:12 | INFO     | smart_grid | 📁 Результаты в: c:\Users\Admin\Desktop\smartgrid\results
2026-04-04 13:43:12 | INFO     | smart_grid | ======================================================================
2026-04-04 21:08:40 | INFO     | smart_grid | ======================================================================
2026-04-04 21:08:40 | INFO     | smart_grid |   СИСТЕМА ПРОГНОЗИРОВАНИЯ ЭНЕРГОПОТРЕБЛЕНИЯ — SMART GRID
2026-04-04 21:08:40 | INFO     | smart_grid | ======================================================================
2026-04-04 21:08:40 | INFO     | smart_grid | Optimal mode v8: DAYS=365, EPOCHS=200, HISTORY=48 | N_FEATURES=22 | LSTM=128/64/64 attn=4h | Trans d=128 h=8 L=4 lr=3e-04 sdrop=0.10 | RevIN=True | STORAGE=720h | BAT=4500 кВт·ч
2026-04-04 21:08:40 | INFO     | smart_grid | 
[1/10] Генерация данных...
2026-04-04 21:08:40 | INFO     | smart_grid.data.generator | Генерация Smart Grid v4: 365 дней, 500 домохозяйств
2026-04-04 21:08:40 | INFO     | smart_grid.data.generator | Типы домохозяйств: ранние=140 (28%), стандартные=260 (52%), ночные=100 (20%)
2026-04-04 21:08:40 | INFO     | smart_grid.data.generator | Сгенерировано 8760 записей. Потребление: min=348.4, mean=6424.0, max=19324.4 кВт·ч
2026-04-04 21:08:40 | INFO     | smart_grid.data.generator | Валидация данных Smart Grid v4...
2026-04-04 21:08:40 | INFO     | smart_grid.data.generator |   ✅ NaN/Inf: нет
2026-04-04 21:08:40 | INFO     | smart_grid.data.generator |   ✅ Отрицательных значений: нет
2026-04-04 21:08:40 | INFO     | smart_grid.data.generator |   ✅ Утренний пик: 8:00
2026-04-04 21:08:40 | INFO     | smart_grid.data.generator |   ✅ Вечерний пик: 20:00
2026-04-04 21:08:40 | INFO     | smart_grid.data.generator |   ✅ Выходные/будни: 0.96
2026-04-04 21:08:40 | INFO     | smart_grid.data.generator |   ✅ Сезонность: зима=8205.8 > лето=5000.4
2026-04-04 21:08:40 | INFO     | smart_grid.data.generator |   ✅ Диапазон температур: -38.0..42.3°C
2026-04-04 21:08:40 | INFO     | smart_grid.data.generator |   ✅ ACF(lag=24)  = 0.895 ≥ 0.5 — суточная сезонность OK
2026-04-04 21:08:40 | INFO     | smart_grid.data.generator |   ✅ ACF(lag=168) = 0.799 ≥ 0.3 — недельная сезонность OK
2026-04-04 21:08:40 | INFO     | smart_grid.data.generator | Валидация ПРОЙДЕНА
2026-04-04 21:08:40 | INFO     | smart_grid | ──────────────────────────────────────────────────
2026-04-04 21:08:40 | INFO     | smart_grid | КОНФИГУРАЦИЯ:
2026-04-04 21:08:40 | INFO     | smart_grid |   Данные:      365 дней, 500 домохозяйств
2026-04-04 21:08:40 | INFO     | smart_grid |   Признаки:    22 ковариат на шаг (мультивариантный вход)
2026-04-04 21:08:40 | INFO     | smart_grid |   История:     48 ч → прогноз 24 ч
2026-04-04 21:08:40 | INFO     | smart_grid |   Обучение:    200 эпох, batch=32
2026-04-04 21:08:40 | INFO     | smart_grid |   LSTM:        units=128/64/64, drop=0.20, lr=0.0003, input=(48,22)
2026-04-04 21:08:40 | INFO     | smart_grid |   Transformer: d=128 h=8 L=4 dff=256 drop=0.20, lr=0.0003, input=(48,22)
2026-04-04 21:08:40 | INFO     | smart_grid |   XGBoost:     n_est=500, depth=5, col=0.40
2026-04-04 21:08:40 | INFO     | smart_grid |   Тарифы:      пик=6.50 день=4.20 ночь=1.80 руб/кВт·ч
2026-04-04 21:08:40 | INFO     | smart_grid |   Батарея:     4500 кВт·ч, SOC 25%→75% (ΔE=2250 кВт·ч)
2026-04-04 21:08:40 | INFO     | smart_grid | ──────────────────────────────────────────────────
2026-04-04 21:08:40 | INFO     | smart_grid | 
[2/10] Исследовательский анализ данных...
2026-04-04 21:08:40 | INFO     | smart_grid.analysis.eda | Запуск EDA...
2026-04-04 21:08:40 | INFO     | smart_grid.analysis.eda | 
count     8760.000000
mean      6423.956543
std       2390.011475
min        348.439148
25%       4779.621216
50%       5885.643311
75%       7900.856201
max      19324.371094
2026-04-04 21:08:40 | INFO     | smart_grid.analysis.eda | CV=0.372  Skew=0.879  Kurt=1.177
2026-04-04 21:08:41 | INFO     | smart_grid.analysis.eda | Декомпозиция временного ряда...
2026-04-04 21:08:42 | INFO     | smart_grid.analysis.eda | EDA завершён. Графики сохранены в: c:\Users\Admin\Desktop\smartgrid\results\plots
2026-04-04 21:08:42 | INFO     | smart_grid | 
[3/10] Подготовка данных (scaler fit только на train)...
2026-04-04 21:08:42 | INFO     | smart_grid.data.preprocessing | Лаговые колонки добавлены: load_lag_24h, load_lag_48h, load_lag_168h (NaN первых 168 строк заполнены 0.0)
2026-04-04 21:08:42 | INFO     | smart_grid.data.preprocessing | Данные подготовлены v5 | train=6061 val=1243 test=1243 | n_features=22
2026-04-04 21:08:42 | INFO     | smart_grid.data.preprocessing | X_train.shape: (6061, 48, 22)  Y_train.shape: (6061, 24)
2026-04-04 21:08:42 | INFO     | smart_grid.data.preprocessing | Скалеры: humidity=ok  wind=ok  rolling_std=ok  temp_sq_max=не нужен (колонка есть)
2026-04-04 21:08:42 | INFO     | smart_grid | ✅ ЧЕКЛИСТ X_train.shape=(6061, 48, 22) | 22 ковариат подтверждено
2026-04-04 21:08:42 | INFO     | smart_grid.data.preprocessing | validate_data_integrity ПРОЙДЕНА | train=6061 val=1243 test=1243 | Y in [0.000, 1.000]
2026-04-04 21:08:42 | INFO     | smart_grid | 
[4/10] Инициализация моделей...
2026-04-04 21:08:43 | WARNING  | tensorflow | From C:\Users\Admin\AppData\Local\Programs\Python\Python312\Lib\site-packages\keras\src\backend\tensorflow\core.py:204: The name tf.placeholder is deprecated. Please use tf.compat.v1.placeholder instead.

2026-04-04 21:08:43 | INFO     | smart_grid.models.lstm | AttentionLSTM v7 | 170200 параметров | input=(48,22) | LSTM=128/64 seq_drop=0.05 | Attn heads=4 key_dim=16 | Dense L2=1e-5 drop=0.20/0.10 | lr=3e-04 | Huber(δ=0.10) ★
2026-04-04 21:08:43 | INFO     | smart_grid.models.transformer | VanillaTransformer v4 [sinusoidal] d=128 h=8 L=4 sdrop=0.10 | 602520 params
2026-04-04 21:08:43 | INFO     | smart_grid.models.transformer | PatchTST v4: history=48 patch=8 stride=4 → 11 patches | RevIN=True
2026-04-04 21:08:44 | INFO     | smart_grid.models.transformer | PatchTST v4 patch=8 stride=4 n_p=11 d=128 h=8 L=4 sdrop=0.10 RevIN=True | 622276 params
2026-04-04 21:08:44 | INFO     | smart_grid.models.baseline | XGBoost v5 (FullLags + RollingAllChannels + MultiHorizon) | ~165 признаков | 24 независимых модели + val-early-stopping | n_est=500 depth=5 min_cw=10
2026-04-04 21:08:44 | INFO     | smart_grid | Параметры: LSTM=170200 | VanillaTrans=602520 | PatchTST=622276
2026-04-04 21:08:44 | INFO     | smart_grid | 
[5/10] Обучение моделей...
2026-04-04 21:08:44 | INFO     | smart_grid.models.trainer | ============================================================
2026-04-04 21:08:44 | INFO     | smart_grid.models.trainer | Обучение модели: LSTM
2026-04-04 21:08:44 | INFO     | smart_grid.models.trainer | ============================================================
2026-04-04 21:22:55 | INFO     | smart_grid.models.trainer | LSTM: обучение завершено за 61 эпох
2026-04-04 21:22:55 | INFO     | smart_grid.models.trainer | LSTM обучена за 851.8 сек
2026-04-04 21:22:56 | INFO     | smart_grid.models.trainer | ============================================================
2026-04-04 21:22:56 | INFO     | smart_grid.models.trainer | Обучение модели: VanillaTransformer
2026-04-04 21:22:56 | INFO     | smart_grid.models.trainer | ============================================================
2026-04-04 21:38:32 | INFO     | smart_grid.models.trainer | VanillaTransformer: обучение завершено за 27 эпох
2026-04-04 21:38:32 | INFO     | smart_grid.models.trainer | VanillaTransformer обучена за 936.4 сек
2026-04-04 21:38:33 | INFO     | smart_grid.models.trainer | ============================================================
2026-04-04 21:38:33 | INFO     | smart_grid.models.trainer | Обучение модели: PatchTST
2026-04-04 21:38:33 | INFO     | smart_grid.models.trainer | ============================================================
2026-04-04 21:46:12 | INFO     | smart_grid.models.trainer | PatchTST: обучение завершено за 36 эпох
2026-04-04 21:46:12 | INFO     | smart_grid.models.trainer | PatchTST обучена за 459.4 сек
2026-04-04 21:46:12 | INFO     | smart_grid.models.trainer | ============================================================
2026-04-04 21:46:12 | INFO     | smart_grid.models.trainer | Обучение модели: LinearRegression
2026-04-04 21:46:12 | INFO     | smart_grid.models.trainer | ============================================================
2026-04-04 21:46:13 | INFO     | smart_grid.models.baseline | LinearRegression обучен | X_flat: 1056 фич
2026-04-04 21:46:13 | INFO     | smart_grid.models.trainer | LinearRegression обучена за 0.7 сек
2026-04-04 21:46:13 | INFO     | smart_grid.models.trainer | ============================================================
2026-04-04 21:46:13 | INFO     | smart_grid.models.trainer | Обучение модели: XGBoost
2026-04-04 21:46:13 | INFO     | smart_grid.models.trainer | ============================================================
2026-04-04 21:48:05 | INFO     | smart_grid.models.baseline | XGBoost обучен | lag-features: 214 | Y: (6061, 24)
2026-04-04 21:48:05 | INFO     | smart_grid.models.trainer | XGBoost обучена за 112.2 сек
2026-04-04 21:48:05 | INFO     | smart_grid | 
[6/10] Сравнение моделей на тестовой выборке...
2026-04-04 21:48:05 | INFO     | smart_grid.models.trainer | 
============================================================
2026-04-04 21:48:05 | INFO     | smart_grid.models.trainer | СРАВНЕНИЕ МОДЕЛЕЙ (split=TEST)
2026-04-04 21:48:05 | INFO     | smart_grid.models.trainer | ============================================================
2026-04-04 21:48:05 | INFO     | smart_grid.models.trainer | Модель                      MAE     RMSE    MAPE%      R2     DW   ACF24
2026-04-04 21:48:05 | INFO     | smart_grid.models.trainer | ----------------------------------------------------------------------
2026-04-04 21:48:07 | INFO     | smart_grid.utils.metrics | LSTM            | MAE=  855.70 | RMSE= 1345.55 | MAPE= 10.33% | R²=0.6993
2026-04-04 21:48:07 | INFO     | smart_grid.models.trainer | ─ Диагностика остатков: LSTM (n=29832) ─────────────────────────
2026-04-04 21:48:07 | INFO     | smart_grid.models.trainer |   DW=0.4145  ACF(1)=0.7595  ACF(24)=0.7743  ACF(48)=0.6253  ACF(168)=0.4373
2026-04-04 21:48:07 | INFO     | smart_grid.models.trainer |   Skewness=0.7902  Kurtosis=8.2572
2026-04-04 21:48:07 | INFO     | smart_grid.models.trainer |   ⚠️  Рекомендации:
2026-04-04 21:48:07 | INFO     | smart_grid.models.trainer |     → DW=0.415 < 1.5: сильная автокорреляция. → Добавить load_lag_24h, load_lag_168h как ковариаты (preprocessing.py).
2026-04-04 21:48:07 | INFO     | smart_grid.models.trainer |     → ACF(24)=0.774 > 0.10: суточная компонента не устранена. → Проверить наличие load_lag_24h в feature matrix.
2026-04-04 21:48:07 | INFO     | smart_grid.models.trainer |     → ACF(168)=0.437 > 0.10: недельная компонента не устранена. → Добавить load_lag_168h.
2026-04-04 21:48:07 | INFO     | smart_grid.models.trainer |     → Kurtosis=8.26 > 5: очень тяжёлые хвосты. → Заменить Huber(delta=0.1) на Huber(delta=0.05) или QuantileLoss(q=0.9).
2026-04-04 21:48:07 | INFO     | smart_grid.models.trainer | LSTM                     855.70  1345.55   10.33% 0.6993  0.414   0.774
2026-04-04 21:48:10 | INFO     | smart_grid.utils.metrics | VanillaTransformer | MAE= 1040.21 | RMSE= 1397.73 | MAPE= 12.59% | R²=0.6755
2026-04-04 21:48:10 | INFO     | smart_grid.models.trainer | ─ Диагностика остатков: VanillaTransformer (n=29832) ─────────────────────────
2026-04-04 21:48:10 | INFO     | smart_grid.models.trainer |   DW=0.5686  ACF(1)=0.6466  ACF(24)=0.6973  ACF(48)=0.3996  ACF(168)=0.1713
2026-04-04 21:48:10 | INFO     | smart_grid.models.trainer |   Skewness=0.0628  Kurtosis=6.3540
2026-04-04 21:48:10 | INFO     | smart_grid.models.trainer |   ⚠️  Рекомендации:
2026-04-04 21:48:10 | INFO     | smart_grid.models.trainer |     → DW=0.569 < 1.5: сильная автокорреляция. → Добавить load_lag_24h, load_lag_168h как ковариаты (preprocessing.py).
2026-04-04 21:48:10 | INFO     | smart_grid.models.trainer |     → ACF(24)=0.697 > 0.10: суточная компонента не устранена. → Проверить наличие load_lag_24h в feature matrix.
2026-04-04 21:48:10 | INFO     | smart_grid.models.trainer |     → ACF(168)=0.171 > 0.10: недельная компонента не устранена. → Добавить load_lag_168h.
2026-04-04 21:48:10 | INFO     | smart_grid.models.trainer |     → Kurtosis=6.35 > 5: очень тяжёлые хвосты. → Заменить Huber(delta=0.1) на Huber(delta=0.05) или QuantileLoss(q=0.9).
2026-04-04 21:48:10 | INFO     | smart_grid.models.trainer | VanillaTransformer      1040.21  1397.73   12.59% 0.6755  0.569   0.697
2026-04-04 21:48:13 | INFO     | smart_grid.utils.metrics | PatchTST        | MAE=  659.67 | RMSE=  976.75 | MAPE=  8.81% | R²=0.8416
2026-04-04 21:48:13 | INFO     | smart_grid.models.trainer | ─ Диагностика остатков: PatchTST (n=29832) ─────────────────────────
2026-04-04 21:48:13 | INFO     | smart_grid.models.trainer |   DW=0.6451  ACF(1)=0.6602  ACF(24)=0.6633  ACF(48)=0.4950  ACF(168)=0.2729
2026-04-04 21:48:13 | INFO     | smart_grid.models.trainer |   Skewness=-0.6518  Kurtosis=11.5518
2026-04-04 21:48:13 | INFO     | smart_grid.models.trainer |   ⚠️  Рекомендации:
2026-04-04 21:48:13 | INFO     | smart_grid.models.trainer |     → DW=0.645 < 1.5: сильная автокорреляция. → Добавить load_lag_24h, load_lag_168h как ковариаты (preprocessing.py).
2026-04-04 21:48:13 | INFO     | smart_grid.models.trainer |     → ACF(24)=0.663 > 0.10: суточная компонента не устранена. → Проверить наличие load_lag_24h в feature matrix.
2026-04-04 21:48:13 | INFO     | smart_grid.models.trainer |     → ACF(168)=0.273 > 0.10: недельная компонента не устранена. → Добавить load_lag_168h.
2026-04-04 21:48:13 | INFO     | smart_grid.models.trainer |     → Kurtosis=11.55 > 5: очень тяжёлые хвосты. → Заменить Huber(delta=0.1) на Huber(delta=0.05) или QuantileLoss(q=0.9).
2026-04-04 21:48:13 | INFO     | smart_grid.models.trainer | PatchTST                 659.67   976.75    8.81% 0.8416  0.645   0.663
2026-04-04 21:48:13 | INFO     | smart_grid.utils.metrics | LinearRegression | MAE=  628.44 | RMSE=  928.53 | MAPE=  8.34% | R²=0.8568
2026-04-04 21:48:13 | INFO     | smart_grid.models.trainer | ─ Диагностика остатков: LinearRegression (n=29832) ─────────────────────────
2026-04-04 21:48:13 | INFO     | smart_grid.models.trainer |   DW=0.6252  ACF(1)=0.6734  ACF(24)=0.7023  ACF(48)=0.5035  ACF(168)=0.2910
2026-04-04 21:48:13 | INFO     | smart_grid.models.trainer |   Skewness=-0.3917  Kurtosis=12.4435
2026-04-04 21:48:13 | INFO     | smart_grid.models.trainer |   ⚠️  Рекомендации:
2026-04-04 21:48:13 | INFO     | smart_grid.models.trainer |     → DW=0.625 < 1.5: сильная автокорреляция. → Добавить load_lag_24h, load_lag_168h как ковариаты (preprocessing.py).
2026-04-04 21:48:13 | INFO     | smart_grid.models.trainer |     → ACF(24)=0.702 > 0.10: суточная компонента не устранена. → Проверить наличие load_lag_24h в feature matrix.
2026-04-04 21:48:13 | INFO     | smart_grid.models.trainer |     → ACF(168)=0.291 > 0.10: недельная компонента не устранена. → Добавить load_lag_168h.
2026-04-04 21:48:13 | INFO     | smart_grid.models.trainer |     → Kurtosis=12.44 > 5: очень тяжёлые хвосты. → Заменить Huber(delta=0.1) на Huber(delta=0.05) или QuantileLoss(q=0.9).
2026-04-04 21:48:13 | INFO     | smart_grid.models.trainer | LinearRegression         628.44   928.53    8.34% 0.8568  0.625   0.702
2026-04-04 21:48:13 | INFO     | smart_grid.utils.metrics | XGBoost         | MAE=  700.99 | RMSE= 1013.06 | MAPE=  8.93% | R²=0.8296
2026-04-04 21:48:13 | INFO     | smart_grid.models.trainer | ─ Диагностика остатков: XGBoost (n=29832) ─────────────────────────
2026-04-04 21:48:13 | INFO     | smart_grid.models.trainer |   DW=0.6272  ACF(1)=0.6116  ACF(24)=0.6494  ACF(48)=0.4232  ACF(168)=0.1968
2026-04-04 21:48:13 | INFO     | smart_grid.models.trainer |   Skewness=-0.5215  Kurtosis=12.6367
2026-04-04 21:48:13 | INFO     | smart_grid.models.trainer |   ⚠️  Рекомендации:
2026-04-04 21:48:13 | INFO     | smart_grid.models.trainer |     → DW=0.627 < 1.5: сильная автокорреляция. → Добавить load_lag_24h, load_lag_168h как ковариаты (preprocessing.py).
2026-04-04 21:48:13 | INFO     | smart_grid.models.trainer |     → ACF(24)=0.649 > 0.10: суточная компонента не устранена. → Проверить наличие load_lag_24h в feature matrix.
2026-04-04 21:48:13 | INFO     | smart_grid.models.trainer |     → ACF(168)=0.197 > 0.10: недельная компонента не устранена. → Добавить load_lag_168h.
2026-04-04 21:48:13 | INFO     | smart_grid.models.trainer |     → Kurtosis=12.64 > 5: очень тяжёлые хвосты. → Заменить Huber(delta=0.1) на Huber(delta=0.05) или QuantileLoss(q=0.9).
2026-04-04 21:48:13 | INFO     | smart_grid.models.trainer | XGBoost                  700.99  1013.06    8.93% 0.8296  0.627   0.649
2026-04-04 21:48:13 | INFO     | smart_grid.models.trainer | ----------------------------------------------------------------------
2026-04-04 21:48:13 | INFO     | smart_grid.models.trainer | Лучшая модель по MAE: LinearRegression
2026-04-04 21:48:19 | INFO     | smart_grid | 🏆 Лучшая модель: LinearRegression (MAE=628.44)
2026-04-04 21:48:19 | INFO     | smart_grid | 
[7/10] Визуализация весов внимания...
2026-04-04 21:48:21 | INFO     | smart_grid.utils.attention_viz | Attention heatmap: c:\Users\Admin\Desktop\smartgrid\results\plots\attention_VanillaTransformer_block_0.png
2026-04-04 21:48:23 | INFO     | smart_grid.utils.attention_viz | Attention heatmap: c:\Users\Admin\Desktop\smartgrid\results\plots\attention_VanillaTransformer_block_1.png
2026-04-04 21:48:25 | INFO     | smart_grid.utils.attention_viz | Attention heatmap: c:\Users\Admin\Desktop\smartgrid\results\plots\attention_VanillaTransformer_block_2.png
2026-04-04 21:48:27 | INFO     | smart_grid.utils.attention_viz | Attention heatmap: c:\Users\Admin\Desktop\smartgrid\results\plots\attention_VanillaTransformer_block_3.png
2026-04-04 21:48:27 | INFO     | smart_grid.utils.attention_viz | Summary attention: c:\Users\Admin\Desktop\smartgrid\results\plots\attention_summary_VanillaTransformer.png
2026-04-04 21:48:28 | INFO     | smart_grid.utils.attention_viz | Head specialization: c:\Users\Admin\Desktop\smartgrid\results\plots\head_specialization_VanillaTransformer.png
2026-04-04 21:48:30 | INFO     | smart_grid.utils.attention_viz | Attention heatmap: c:\Users\Admin\Desktop\smartgrid\results\plots\attention_PatchTST_block_0.png
2026-04-04 21:48:32 | INFO     | smart_grid.utils.attention_viz | Attention heatmap: c:\Users\Admin\Desktop\smartgrid\results\plots\attention_PatchTST_block_1.png
2026-04-04 21:48:35 | INFO     | smart_grid.utils.attention_viz | Attention heatmap: c:\Users\Admin\Desktop\smartgrid\results\plots\attention_PatchTST_block_2.png
2026-04-04 21:48:37 | INFO     | smart_grid.utils.attention_viz | Attention heatmap: c:\Users\Admin\Desktop\smartgrid\results\plots\attention_PatchTST_block_3.png
2026-04-04 21:48:38 | INFO     | smart_grid.utils.attention_viz | Summary attention: c:\Users\Admin\Desktop\smartgrid\results\plots\attention_summary_PatchTST.png
2026-04-04 21:48:38 | INFO     | smart_grid.utils.attention_viz | Head specialization: c:\Users\Admin\Desktop\smartgrid\results\plots\head_specialization_PatchTST.png
2026-04-04 21:48:38 | INFO     | smart_grid | 
[8/10] Анализ остатков лучшей модели: LinearRegression
2026-04-04 21:48:38 | INFO     | smart_grid.analysis.residuals | Анализ остатков модели: LinearRegression (n=29832)
2026-04-04 21:48:42 | INFO     | smart_grid.analysis.residuals | ADF тест: stat=-6.0753 p=0.0000 (стационарны)
2026-04-04 21:48:42 | INFO     | smart_grid.analysis.residuals | KPSS тест: stat=2.3680 p=0.0100
2026-04-04 21:48:46 | INFO     | smart_grid.analysis.residuals | Ljung-Box lag=10: p=0.0000  lag=20: p=0.0000
2026-04-04 21:48:46 | INFO     | smart_grid.analysis.residuals | Durbin-Watson: 0.6252 (2.0=нет автокорреляции)
2026-04-04 21:48:46 | INFO     | smart_grid.analysis.residuals | Jarque-Bera: stat=111613.4110 p=0.0000
2026-04-04 21:48:47 | INFO     | smart_grid.analysis.residuals | График остатков: c:\Users\Admin\Desktop\smartgrid\results\plots\residuals_LinearRegression.png
2026-04-04 21:48:47 | INFO     | smart_grid | 
[9/10] Скользящий бэктестинг...
2026-04-04 21:48:47 | INFO     | smart_grid.analysis.backtesting | Бэктестинг LinearRegression: 8 окон по ~155 шагов
2026-04-04 21:48:47 | INFO     | smart_grid.analysis.backtesting |   Окно  1/8 | MAE=455.11 MAPE=5.88%
2026-04-04 21:48:47 | INFO     | smart_grid.analysis.backtesting |   Окно  2/8 | MAE=452.06 MAPE=5.65%
2026-04-04 21:48:47 | INFO     | smart_grid.analysis.backtesting |   Окно  3/8 | MAE=623.00 MAPE=10.66%
2026-04-04 21:48:47 | INFO     | smart_grid.analysis.backtesting |   Окно  4/8 | MAE=653.07 MAPE=11.34%
2026-04-04 21:48:47 | INFO     | smart_grid.analysis.backtesting |   Окно  5/8 | MAE=514.92 MAPE=6.29%
2026-04-04 21:48:47 | INFO     | smart_grid.analysis.backtesting |   Окно  6/8 | MAE=514.02 MAPE=6.31%
2026-04-04 21:48:47 | INFO     | smart_grid.analysis.backtesting |   Окно  7/8 | MAE=683.08 MAPE=10.41%
2026-04-04 21:48:47 | INFO     | smart_grid.analysis.backtesting |   Окно  8/8 | MAE=1122.66 MAPE=10.18%
2026-04-04 21:48:47 | INFO     | smart_grid.analysis.backtesting | График бэктестинга: c:\Users\Admin\Desktop\smartgrid\results\plots\backtesting_LinearRegression.png
2026-04-04 21:48:47 | INFO     | smart_grid.analysis.backtesting | Итого по бэктестингу LinearRegression: MAE=627.24±204.63  MAPE=8.34±2.34%
2026-04-04 21:48:47 | INFO     | smart_grid | 
[10/10] Оптимизация накопителя энергии...
2026-04-04 21:48:47 | INFO     | smart_grid.optimization.storage | ──────────────────────────────────────────────────
2026-04-04 21:48:47 | INFO     | smart_grid.optimization.storage | Горизонт: 720 ч (30.0 сут) | SOC 25%→75% (ΔE=2250 кВт·ч)
2026-04-04 21:48:47 | INFO     | smart_grid.optimization.storage | Базовая стоимость:         24221343.09 руб
2026-04-04 21:48:47 | INFO     | smart_grid.optimization.storage | Оптимизированная (грязная):24001232.26 руб
2026-04-04 21:48:47 | INFO     | smart_grid.optimization.storage | Валовая экономия:           220110.83 руб
2026-04-04 21:48:47 | INFO     | smart_grid.optimization.storage |   ├─ Energy arbitrage:      220110.83 руб
2026-04-04 21:48:47 | INFO     | smart_grid.optimization.storage |   └─ Demand-charge эффект:       0.00 руб
2026-04-04 21:48:47 | INFO     | smart_grid.optimization.storage |      (пик-часы: baseline=13496 кВт → opt=13496 кВт, снижение=0 кВт)
2026-04-04 21:48:47 | INFO     | smart_grid.optimization.storage | Стоимость деградации:         6007.50 руб
2026-04-04 21:48:47 | INFO     | smart_grid.optimization.storage | O&M за горизонт:             55441.48 руб  (45 M × 1.5% × 0.0821 лет)
2026-04-04 21:48:47 | INFO     | smart_grid.optimization.storage | ЧИСТАЯ экономия:            158661.85 руб (0.66%)
2026-04-04 21:48:47 | INFO     | smart_grid.optimization.storage | Прокачано:                  100125.00 кВт·ч
2026-04-04 21:48:47 | INFO     | smart_grid.optimization.storage | Часов заряд/разряд:        23 / 22 из 720
2026-04-04 21:48:47 | INFO     | smart_grid.optimization.storage | Экономия/год (оценка):     1930385.87 руб/год
2026-04-04 21:48:47 | INFO     | smart_grid.optimization.storage | Срок окупаемости:                23.3 лет
2026-04-04 21:48:51 | INFO     | smart_grid.optimization.storage | ──────────────────────────────────────────────────
2026-04-04 21:48:51 | INFO     | smart_grid.optimization.storage | Горизонт: 720 ч (30.0 сут) | SOC 40%→60% (ΔE=900 кВт·ч)
2026-04-04 21:48:51 | INFO     | smart_grid.optimization.storage | Базовая стоимость:         24221343.09 руб
2026-04-04 21:48:51 | INFO     | smart_grid.optimization.storage | Оптимизированная (грязная):24133298.76 руб
2026-04-04 21:48:51 | INFO     | smart_grid.optimization.storage | Валовая экономия:            88044.33 руб
2026-04-04 21:48:51 | INFO     | smart_grid.optimization.storage |   ├─ Energy arbitrage:       88044.33 руб
2026-04-04 21:48:51 | INFO     | smart_grid.optimization.storage |   └─ Demand-charge эффект:       0.00 руб
2026-04-04 21:48:51 | INFO     | smart_grid.optimization.storage |      (пик-часы: baseline=13496 кВт → opt=13496 кВт, снижение=0 кВт)
2026-04-04 21:48:51 | INFO     | smart_grid.optimization.storage | Стоимость деградации:         2403.00 руб
2026-04-04 21:48:51 | INFO     | smart_grid.optimization.storage | O&M за горизонт:             55441.48 руб  (45 M × 1.5% × 0.0821 лет)
2026-04-04 21:48:51 | INFO     | smart_grid.optimization.storage | ЧИСТАЯ экономия:             30199.85 руб (0.12%)
2026-04-04 21:48:51 | INFO     | smart_grid.optimization.storage | Прокачано:                   40050.00 кВт·ч
2026-04-04 21:48:51 | INFO     | smart_grid.optimization.storage | Часов заряд/разряд:        23 / 22 из 720
2026-04-04 21:48:51 | INFO     | smart_grid.optimization.storage | Экономия/год (оценка):      367431.56 руб/год
2026-04-04 21:48:51 | INFO     | smart_grid.optimization.storage | Срок окупаемости:               122.5 лет
2026-04-04 21:48:51 | INFO     | smart_grid.optimization.storage | Стратегия: Консервативная (SOC 40%→60%, ΔE=900 кВт·ч)
2026-04-04 21:48:51 | INFO     | smart_grid.optimization.storage | ──────────────────────────────────────────────────
2026-04-04 21:48:51 | INFO     | smart_grid.optimization.storage | Горизонт: 720 ч (30.0 сут) | SOC 25%→75% (ΔE=2250 кВт·ч)
2026-04-04 21:48:51 | INFO     | smart_grid.optimization.storage | Базовая стоимость:         24221343.09 руб
2026-04-04 21:48:51 | INFO     | smart_grid.optimization.storage | Оптимизированная (грязная):24001232.26 руб
2026-04-04 21:48:51 | INFO     | smart_grid.optimization.storage | Валовая экономия:           220110.83 руб
2026-04-04 21:48:51 | INFO     | smart_grid.optimization.storage |   ├─ Energy arbitrage:      220110.83 руб
2026-04-04 21:48:51 | INFO     | smart_grid.optimization.storage |   └─ Demand-charge эффект:       0.00 руб
2026-04-04 21:48:51 | INFO     | smart_grid.optimization.storage |      (пик-часы: baseline=13496 кВт → opt=13496 кВт, снижение=0 кВт)
2026-04-04 21:48:51 | INFO     | smart_grid.optimization.storage | Стоимость деградации:         6007.50 руб
2026-04-04 21:48:51 | INFO     | smart_grid.optimization.storage | O&M за горизонт:             55441.48 руб  (45 M × 1.5% × 0.0821 лет)
2026-04-04 21:48:51 | INFO     | smart_grid.optimization.storage | ЧИСТАЯ экономия:            158661.85 руб (0.66%)
2026-04-04 21:48:51 | INFO     | smart_grid.optimization.storage | Прокачано:                  100125.00 кВт·ч
2026-04-04 21:48:51 | INFO     | smart_grid.optimization.storage | Часов заряд/разряд:        23 / 22 из 720
2026-04-04 21:48:51 | INFO     | smart_grid.optimization.storage | Экономия/год (оценка):     1930385.87 руб/год
2026-04-04 21:48:51 | INFO     | smart_grid.optimization.storage | Срок окупаемости:                23.3 лет
2026-04-04 21:48:51 | INFO     | smart_grid.optimization.storage | Стратегия: Умеренная (SOC 25%→75%, ΔE=2250 кВт·ч)
2026-04-04 21:48:51 | INFO     | smart_grid.optimization.storage | ──────────────────────────────────────────────────
2026-04-04 21:48:51 | INFO     | smart_grid.optimization.storage | Горизонт: 720 ч (30.0 сут) | SOC 8%→92% (ΔE=3780 кВт·ч)
2026-04-04 21:48:51 | INFO     | smart_grid.optimization.storage | Базовая стоимость:         24221343.09 руб
2026-04-04 21:48:51 | INFO     | smart_grid.optimization.storage | Оптимизированная (грязная):23848731.35 руб
2026-04-04 21:48:51 | INFO     | smart_grid.optimization.storage | Валовая экономия:           372611.74 руб
2026-04-04 21:48:51 | INFO     | smart_grid.optimization.storage |   ├─ Energy arbitrage:      372611.74 руб
2026-04-04 21:48:51 | INFO     | smart_grid.optimization.storage |   └─ Demand-charge эффект:       0.00 руб
2026-04-04 21:48:51 | INFO     | smart_grid.optimization.storage |      (пик-часы: baseline=13496 кВт → opt=13496 кВт, снижение=0 кВт)
2026-04-04 21:48:51 | INFO     | smart_grid.optimization.storage | Стоимость деградации:        10000.80 руб
2026-04-04 21:48:51 | INFO     | smart_grid.optimization.storage | O&M за горизонт:             55441.48 руб  (45 M × 1.5% × 0.0821 лет)
2026-04-04 21:48:51 | INFO     | smart_grid.optimization.storage | ЧИСТАЯ экономия:            307169.46 руб (1.27%)
2026-04-04 21:48:51 | INFO     | smart_grid.optimization.storage | Прокачано:                  166680.00 кВт·ч
2026-04-04 21:48:51 | INFO     | smart_grid.optimization.storage | Часов заряд/разряд:        44 / 44 из 720
2026-04-04 21:48:51 | INFO     | smart_grid.optimization.storage | Экономия/год (оценка):     3737228.45 руб/год
2026-04-04 21:48:51 | INFO     | smart_grid.optimization.storage | Срок окупаемости:                12.0 лет
2026-04-04 21:48:51 | INFO     | smart_grid.optimization.storage | Стратегия: Агрессивная (SOC 8%→92%, ΔE=3780 кВт·ч)
2026-04-04 21:48:51 | INFO     | smart_grid.optimization.storage | ═════════════════════════════════════════════════════════════════
2026-04-04 21:48:51 | INFO     | smart_grid.optimization.storage | Стратегия            ΔE кВт·ч   Чистая экон.     Экон.%    Окупаем.
2026-04-04 21:48:51 | INFO     | smart_grid.optimization.storage | ─────────────────────────────────────────────────────────────────
2026-04-04 21:48:51 | INFO     | smart_grid.optimization.storage | Консервативная            900        30200 руб     0.12%   122.5 лет
2026-04-04 21:48:51 | INFO     | smart_grid.optimization.storage | Умеренная                2250       158662 руб     0.66%    23.3 лет
2026-04-04 21:48:51 | INFO     | smart_grid.optimization.storage | Агрессивная              3780       307169 руб     1.27%    12.0 лет
2026-04-04 21:48:51 | INFO     | smart_grid.optimization.storage | ═════════════════════════════════════════════════════════════════
2026-04-04 21:48:51 | INFO     | smart_grid.optimization.storage | 🏆 Лучшая: Агрессивная | 1.27% | окупаемость 12.0 лет
2026-04-04 21:48:51 | INFO     | smart_grid | 
======================================================================
2026-04-04 21:48:51 | INFO     | smart_grid | ✅ Пайплайн завершён успешно!
2026-04-04 21:48:51 | INFO     | smart_grid | 📁 Результаты в: c:\Users\Admin\Desktop\smartgrid\results
2026-04-04 21:48:51 | INFO     | smart_grid | ======================================================================
2026-04-05 13:08:26 | INFO     | smart_grid | ======================================================================
2026-04-05 13:08:26 | INFO     | smart_grid |   СИСТЕМА ПРОГНОЗИРОВАНИЯ ЭНЕРГОПОТРЕБЛЕНИЯ — SMART GRID
2026-04-05 13:08:26 | INFO     | smart_grid | ======================================================================
2026-04-05 13:08:26 | INFO     | smart_grid | Fast mode v9: DAYS=365 EPOCHS=120 N_FEATURES=26 | LSTM BiLSTM=96 TCN=48 | VanTr LR=5e-05
2026-04-05 13:08:26 | INFO     | smart_grid | 
[1/10] Генерация данных...
2026-04-05 13:08:26 | INFO     | smart_grid.data.generator | Генерация Smart Grid v5: 365 дней, 250 домохозяйств | EV=28% Solar=22%
2026-04-05 13:08:26 | INFO     | smart_grid.data.generator | Типы домохозяйств: ранние=70 (28%), стандартные=130 (52%), ночные=50 (20%)
2026-04-05 13:08:27 | INFO     | smart_grid.data.generator | Сгенерировано 8760 записей. Потребление: min=1593.9, mean=6581.0, max=15881.2 кВт·ч
2026-04-05 13:08:27 | INFO     | smart_grid.data.generator |   EV нагрузка: mean=120.2 кВт (3.7% базовой)
2026-04-05 13:08:27 | INFO     | smart_grid.data.generator |   Solar: mean=29.5 кВт, max=166.6 кВт
2026-04-05 13:08:27 | INFO     | smart_grid.data.generator |   DSR часов: 30 | CV потребления: 0.238
2026-04-05 13:08:27 | INFO     | smart_grid.data.generator | Валидация данных Smart Grid v5...
2026-04-05 13:08:27 | INFO     | smart_grid.data.generator |   ✅ NaN/Inf: нет
2026-04-05 13:08:27 | INFO     | smart_grid.data.generator |   ✅ Отрицательных значений: нет
2026-04-05 13:08:27 | INFO     | smart_grid.data.generator |   ✅ Утренний пик: 8:00
2026-04-05 13:08:27 | INFO     | smart_grid.data.generator |   ✅ Вечерний пик: 19:00
2026-04-05 13:08:27 | INFO     | smart_grid.data.generator |   ✅ Выходные/будни: 0.98
2026-04-05 13:08:27 | INFO     | smart_grid.data.generator |   ✅ Сезонность: зима=7768.0 > лето=5653.3
2026-04-05 13:08:27 | INFO     | smart_grid.data.generator |   ✅ Диапазон температур: -38.0..42.3°C
2026-04-05 13:08:27 | INFO     | smart_grid.data.generator |   ✅ ACF(lag=24) = 0.655
2026-04-05 13:08:27 | INFO     | smart_grid.data.generator |   ✅ ACF(lag=168) = 0.585
2026-04-05 13:08:27 | INFO     | smart_grid.data.generator |   ℹ️  EV нагрузка norm mean=0.349 | Solar norm mean=0.176 | DSR часов=30
2026-04-05 13:08:27 | INFO     | smart_grid.data.generator |   ℹ️  CV=0.238 (v4 было 0.372)
2026-04-05 13:08:27 | INFO     | smart_grid.data.generator | Валидация ПРОЙДЕНА
2026-04-05 13:08:27 | INFO     | smart_grid | ──────────────────────────────────────────────────
2026-04-05 13:08:27 | INFO     | smart_grid | КОНФИГУРАЦИЯ:
2026-04-05 13:08:27 | INFO     | smart_grid |   Данные:      365 дней, 250 домохозяйств
2026-04-05 13:08:27 | INFO     | smart_grid |   Признаки:    26 ковариат на шаг (мультивариантный вход)
2026-04-05 13:08:27 | INFO     | smart_grid |   История:     48 ч → прогноз 24 ч
2026-04-05 13:08:27 | INFO     | smart_grid |   Обучение:    120 эпох, batch=32, patience=20
2026-04-05 13:08:27 | INFO     | smart_grid |   LSTM v8:     BiLSTM=96 TCN_filters=48 attn=4h, drop=0.25, lr=0.0002, huber=0.05, input=(48,26)
2026-04-05 13:08:27 | INFO     | smart_grid |   Transformer: d=64 h=4 L=2 dff=128 drop=0.20, lr=0.0003 (Vanilla lr=5e-05), input=(48,26)
2026-04-05 13:08:27 | INFO     | smart_grid |   XGBoost:     n_est=300, depth=5, col=0.40
2026-04-05 13:08:27 | INFO     | smart_grid |   Тарифы:      пик=6.50 день=4.20 ночь=1.80 руб/кВт·ч
2026-04-05 13:08:27 | INFO     | smart_grid |   Батарея:     4500 кВт·ч, SOC 25%→75% (ΔE=2250 кВт·ч)
2026-04-05 13:08:27 | INFO     | smart_grid | ──────────────────────────────────────────────────
2026-04-05 13:08:27 | INFO     | smart_grid | 
[2/10] Исследовательский анализ данных...
2026-04-05 13:08:27 | INFO     | smart_grid.analysis.eda | Запуск EDA...
2026-04-05 13:08:27 | INFO     | smart_grid.analysis.eda | 
count     8760.000000
mean      6580.990234
std       1569.138062
min       1593.888550
25%       5587.458496
50%       6358.101318
75%       7402.696045
max      15881.240234
2026-04-05 13:08:27 | INFO     | smart_grid.analysis.eda | CV=0.238  Skew=0.794  Kurt=1.463
2026-04-05 13:08:30 | INFO     | smart_grid.analysis.eda | Декомпозиция временного ряда...
2026-04-05 13:08:31 | INFO     | smart_grid.analysis.eda | EDA завершён. Графики сохранены в: c:\Users\Admin\Desktop\smartgrid\results\plots
2026-04-05 13:08:31 | INFO     | smart_grid | 
[3/10] Подготовка данных (scaler fit только на train)...
2026-04-05 13:08:31 | INFO     | smart_grid.data.preprocessing | Лаговые колонки добавлены: load_lag_24h, load_lag_48h, load_lag_168h
2026-04-05 13:08:31 | INFO     | smart_grid.data.preprocessing | Данные подготовлены v6 | train=6061 val=1243 test=1243 | n_features=26
2026-04-05 13:08:31 | INFO     | smart_grid.data.preprocessing | X_train.shape: (6061, 48, 26)  Y_train.shape: (6061, 24)
2026-04-05 13:08:31 | INFO     | smart_grid.data.preprocessing | Скалеры: humidity=ok wind=ok rolling_std=ok cloud=ok
2026-04-05 13:08:31 | INFO     | smart_grid | ✅ ЧЕКЛИСТ X_train.shape=(6061, 48, 26) | 26 ковариат подтверждено
2026-04-05 13:08:31 | INFO     | smart_grid.data.preprocessing | validate_data_integrity ПРОЙДЕНА | train=6061 val=1243 test=1243 | Y in [0.064, 1.000]
2026-04-05 13:08:31 | INFO     | smart_grid | 
[4/10] Инициализация моделей...
2026-04-05 13:18:44 | INFO     | smart_grid | ======================================================================
2026-04-05 13:18:44 | INFO     | smart_grid |   СИСТЕМА ПРОГНОЗИРОВАНИЯ ЭНЕРГОПОТРЕБЛЕНИЯ — SMART GRID
2026-04-05 13:18:44 | INFO     | smart_grid | ======================================================================
2026-04-05 13:18:44 | INFO     | smart_grid | Fast mode v9: DAYS=365 EPOCHS=120 N_FEATURES=26 | LSTM BiLSTM=96 TCN=48 | VanTr LR=5e-05
2026-04-05 13:18:44 | INFO     | smart_grid | 
[1/10] Генерация данных...
2026-04-05 13:18:44 | INFO     | smart_grid.data.generator | Генерация Smart Grid v5: 365 дней, 250 домохозяйств | EV=28% Solar=22%
2026-04-05 13:18:44 | INFO     | smart_grid.data.generator | Типы домохозяйств: ранние=70 (28%), стандартные=130 (52%), ночные=50 (20%)
2026-04-05 13:18:45 | INFO     | smart_grid.data.generator | Сгенерировано 8760 записей. Потребление: min=1593.9, mean=6581.0, max=15881.2 кВт·ч
2026-04-05 13:18:45 | INFO     | smart_grid.data.generator |   EV нагрузка: mean=120.2 кВт (3.7% базовой)
2026-04-05 13:18:45 | INFO     | smart_grid.data.generator |   Solar: mean=29.5 кВт, max=166.6 кВт
2026-04-05 13:18:45 | INFO     | smart_grid.data.generator |   DSR часов: 30 | CV потребления: 0.238
2026-04-05 13:18:45 | INFO     | smart_grid.data.generator | Валидация данных Smart Grid v5...
2026-04-05 13:18:45 | INFO     | smart_grid.data.generator |   ✅ NaN/Inf: нет
2026-04-05 13:18:45 | INFO     | smart_grid.data.generator |   ✅ Отрицательных значений: нет
2026-04-05 13:18:45 | INFO     | smart_grid.data.generator |   ✅ Утренний пик: 8:00
2026-04-05 13:18:45 | INFO     | smart_grid.data.generator |   ✅ Вечерний пик: 19:00
2026-04-05 13:18:45 | INFO     | smart_grid.data.generator |   ✅ Выходные/будни: 0.98
2026-04-05 13:18:45 | INFO     | smart_grid.data.generator |   ✅ Сезонность: зима=7768.0 > лето=5653.3
2026-04-05 13:18:45 | INFO     | smart_grid.data.generator |   ✅ Диапазон температур: -38.0..42.3°C
2026-04-05 13:18:45 | INFO     | smart_grid.data.generator |   ✅ ACF(lag=24) = 0.655
2026-04-05 13:18:45 | INFO     | smart_grid.data.generator |   ✅ ACF(lag=168) = 0.585
2026-04-05 13:18:45 | INFO     | smart_grid.data.generator |   ℹ️  EV нагрузка norm mean=0.349 | Solar norm mean=0.176 | DSR часов=30
2026-04-05 13:18:45 | INFO     | smart_grid.data.generator |   ℹ️  CV=0.238 (v4 было 0.372)
2026-04-05 13:18:45 | INFO     | smart_grid.data.generator | Валидация ПРОЙДЕНА
2026-04-05 13:18:45 | INFO     | smart_grid | ──────────────────────────────────────────────────
2026-04-05 13:18:45 | INFO     | smart_grid | КОНФИГУРАЦИЯ:
2026-04-05 13:18:45 | INFO     | smart_grid |   Данные:      365 дней, 250 домохозяйств
2026-04-05 13:18:45 | INFO     | smart_grid |   Признаки:    26 ковариат на шаг (мультивариантный вход)
2026-04-05 13:18:45 | INFO     | smart_grid |   История:     48 ч → прогноз 24 ч
2026-04-05 13:18:45 | INFO     | smart_grid |   Обучение:    120 эпох, batch=32, patience=20
2026-04-05 13:18:45 | INFO     | smart_grid |   LSTM v8:     BiLSTM=96 TCN_filters=48 attn=4h, drop=0.25, lr=0.0002, huber=0.05, input=(48,26)
2026-04-05 13:18:45 | INFO     | smart_grid |   Transformer: d=64 h=4 L=2 dff=128 drop=0.20, lr=0.0003 (Vanilla lr=5e-05), input=(48,26)
2026-04-05 13:18:45 | INFO     | smart_grid |   XGBoost:     n_est=300, depth=5, col=0.40
2026-04-05 13:18:45 | INFO     | smart_grid |   Тарифы:      пик=6.50 день=4.20 ночь=1.80 руб/кВт·ч
2026-04-05 13:18:45 | INFO     | smart_grid |   Батарея:     4500 кВт·ч, SOC 25%→75% (ΔE=2250 кВт·ч)
2026-04-05 13:18:45 | INFO     | smart_grid | ──────────────────────────────────────────────────
2026-04-05 13:18:45 | INFO     | smart_grid | 
[2/10] Исследовательский анализ данных...
2026-04-05 13:18:45 | INFO     | smart_grid.analysis.eda | Запуск EDA...
2026-04-05 13:18:45 | INFO     | smart_grid.analysis.eda | 
count     8760.000000
mean      6580.990234
std       1569.138062
min       1593.888550
25%       5587.458496
50%       6358.101318
75%       7402.696045
max      15881.240234
2026-04-05 13:18:45 | INFO     | smart_grid.analysis.eda | CV=0.238  Skew=0.794  Kurt=1.463
2026-04-05 13:18:46 | INFO     | smart_grid.analysis.eda | Декомпозиция временного ряда...
2026-04-05 13:18:47 | INFO     | smart_grid.analysis.eda | EDA завершён. Графики сохранены в: c:\Users\Admin\Desktop\smartgrid\results\plots
2026-04-05 13:18:47 | INFO     | smart_grid | 
[3/10] Подготовка данных (scaler fit только на train)...
2026-04-05 13:18:47 | INFO     | smart_grid.data.preprocessing | Лаговые колонки добавлены: load_lag_24h, load_lag_48h, load_lag_168h
2026-04-05 13:18:47 | INFO     | smart_grid.data.preprocessing | Данные подготовлены v6 | train=6061 val=1243 test=1243 | n_features=26
2026-04-05 13:18:47 | INFO     | smart_grid.data.preprocessing | X_train.shape: (6061, 48, 26)  Y_train.shape: (6061, 24)
2026-04-05 13:18:47 | INFO     | smart_grid.data.preprocessing | Скалеры: humidity=ok wind=ok rolling_std=ok cloud=ok
2026-04-05 13:18:47 | INFO     | smart_grid | ✅ ЧЕКЛИСТ X_train.shape=(6061, 48, 26) | 26 ковариат подтверждено
2026-04-05 13:18:47 | INFO     | smart_grid.data.preprocessing | validate_data_integrity ПРОЙДЕНА | train=6061 val=1243 test=1243 | Y in [0.064, 1.000]
2026-04-05 13:18:47 | INFO     | smart_grid | 
[4/10] Инициализация моделей...
2026-04-05 13:18:47 | WARNING  | tensorflow | From C:\Users\Admin\AppData\Local\Programs\Python\Python312\Lib\site-packages\keras\src\backend\tensorflow\core.py:204: The name tf.placeholder is deprecated. Please use tf.compat.v1.placeholder instead.

2026-04-05 13:28:45 | INFO     | smart_grid | ======================================================================
2026-04-05 13:28:45 | INFO     | smart_grid |   СИСТЕМА ПРОГНОЗИРОВАНИЯ ЭНЕРГОПОТРЕБЛЕНИЯ — SMART GRID
2026-04-05 13:28:45 | INFO     | smart_grid | ======================================================================
2026-04-05 13:28:45 | INFO     | smart_grid | Fast mode v9: DAYS=365 EPOCHS=120 N_FEATURES=26 | LSTM BiLSTM=96 TCN=48 | VanTr LR=5e-05
2026-04-05 13:28:45 | INFO     | smart_grid | 
[1/10] Генерация данных...
2026-04-05 13:28:45 | INFO     | smart_grid.data.generator | Генерация Smart Grid v5: 365 дней, 250 домохозяйств | EV=28% Solar=22%
2026-04-05 13:28:45 | INFO     | smart_grid.data.generator | Типы домохозяйств: ранние=70 (28%), стандартные=130 (52%), ночные=50 (20%)
2026-04-05 13:28:45 | INFO     | smart_grid.data.generator | Сгенерировано 8760 записей. Потребление: min=1593.9, mean=6581.0, max=15881.2 кВт·ч
2026-04-05 13:28:45 | INFO     | smart_grid.data.generator |   EV нагрузка: mean=120.2 кВт (3.7% базовой)
2026-04-05 13:28:45 | INFO     | smart_grid.data.generator |   Solar: mean=29.5 кВт, max=166.6 кВт
2026-04-05 13:28:45 | INFO     | smart_grid.data.generator |   DSR часов: 30 | CV потребления: 0.238
2026-04-05 13:28:45 | INFO     | smart_grid.data.generator | Валидация данных Smart Grid v5...
2026-04-05 13:28:45 | INFO     | smart_grid.data.generator |   ✅ NaN/Inf: нет
2026-04-05 13:28:45 | INFO     | smart_grid.data.generator |   ✅ Отрицательных значений: нет
2026-04-05 13:28:45 | INFO     | smart_grid.data.generator |   ✅ Утренний пик: 8:00
2026-04-05 13:28:45 | INFO     | smart_grid.data.generator |   ✅ Вечерний пик: 19:00
2026-04-05 13:28:46 | INFO     | smart_grid.data.generator |   ✅ Выходные/будни: 0.98
2026-04-05 13:28:46 | INFO     | smart_grid.data.generator |   ✅ Сезонность: зима=7768.0 > лето=5653.3
2026-04-05 13:28:46 | INFO     | smart_grid.data.generator |   ✅ Диапазон температур: -38.0..42.3°C
2026-04-05 13:28:46 | INFO     | smart_grid.data.generator |   ✅ ACF(lag=24) = 0.655
2026-04-05 13:28:46 | INFO     | smart_grid.data.generator |   ✅ ACF(lag=168) = 0.585
2026-04-05 13:28:46 | INFO     | smart_grid.data.generator |   ℹ️  EV нагрузка norm mean=0.349 | Solar norm mean=0.176 | DSR часов=30
2026-04-05 13:28:46 | INFO     | smart_grid.data.generator |   ℹ️  CV=0.238 (v4 было 0.372)
2026-04-05 13:28:46 | INFO     | smart_grid.data.generator | Валидация ПРОЙДЕНА
2026-04-05 13:28:46 | INFO     | smart_grid | ──────────────────────────────────────────────────
2026-04-05 13:28:46 | INFO     | smart_grid | КОНФИГУРАЦИЯ:
2026-04-05 13:28:46 | INFO     | smart_grid |   Данные:      365 дней, 250 домохозяйств
2026-04-05 13:28:46 | INFO     | smart_grid |   Признаки:    26 ковариат на шаг (мультивариантный вход)
2026-04-05 13:28:46 | INFO     | smart_grid |   История:     48 ч → прогноз 24 ч
2026-04-05 13:28:46 | INFO     | smart_grid |   Обучение:    120 эпох, batch=32, patience=20
2026-04-05 13:28:46 | INFO     | smart_grid |   LSTM v8:     BiLSTM=96 TCN_filters=48 attn=4h, drop=0.25, lr=0.0002, huber=0.05, input=(48,26)
2026-04-05 13:28:46 | INFO     | smart_grid |   Transformer: d=64 h=4 L=2 dff=128 drop=0.20, lr=0.0003 (Vanilla lr=5e-05), input=(48,26)
2026-04-05 13:28:46 | INFO     | smart_grid |   XGBoost:     n_est=300, depth=5, col=0.40
2026-04-05 13:28:46 | INFO     | smart_grid |   Тарифы:      пик=6.50 день=4.20 ночь=1.80 руб/кВт·ч
2026-04-05 13:28:46 | INFO     | smart_grid |   Батарея:     4500 кВт·ч, SOC 25%→75% (ΔE=2250 кВт·ч)
2026-04-05 13:28:46 | INFO     | smart_grid | ──────────────────────────────────────────────────
2026-04-05 13:28:46 | INFO     | smart_grid | 
[2/10] Исследовательский анализ данных...
2026-04-05 13:28:46 | INFO     | smart_grid.analysis.eda | Запуск EDA...
2026-04-05 13:28:46 | INFO     | smart_grid.analysis.eda | 
count     8760.000000
mean      6580.990234
std       1569.138062
min       1593.888550
25%       5587.458496
50%       6358.101318
75%       7402.696045
max      15881.240234
2026-04-05 13:28:46 | INFO     | smart_grid.analysis.eda | CV=0.238  Skew=0.794  Kurt=1.463
2026-04-05 13:28:47 | INFO     | smart_grid.analysis.eda | Декомпозиция временного ряда...
2026-04-05 13:28:48 | INFO     | smart_grid.analysis.eda | EDA завершён. Графики сохранены в: c:\Users\Admin\Desktop\smartgrid\results\plots
2026-04-05 13:28:48 | INFO     | smart_grid | 
[3/10] Подготовка данных (scaler fit только на train)...
2026-04-05 13:28:48 | INFO     | smart_grid.data.preprocessing | Лаговые колонки добавлены: load_lag_24h, load_lag_48h, load_lag_168h
2026-04-05 13:28:48 | INFO     | smart_grid.data.preprocessing | Данные подготовлены v6 | train=6061 val=1243 test=1243 | n_features=26
2026-04-05 13:28:48 | INFO     | smart_grid.data.preprocessing | X_train.shape: (6061, 48, 26)  Y_train.shape: (6061, 24)
2026-04-05 13:28:48 | INFO     | smart_grid.data.preprocessing | Скалеры: humidity=ok wind=ok rolling_std=ok cloud=ok
2026-04-05 13:28:48 | INFO     | smart_grid | ✅ ЧЕКЛИСТ X_train.shape=(6061, 48, 26) | 26 ковариат подтверждено
2026-04-05 13:28:48 | INFO     | smart_grid.data.preprocessing | validate_data_integrity ПРОЙДЕНА | train=6061 val=1243 test=1243 | Y in [0.064, 1.000]
2026-04-05 13:28:48 | INFO     | smart_grid | 
[4/10] Инициализация моделей...
2026-04-05 13:28:48 | WARNING  | tensorflow | From C:\Users\Admin\AppData\Local\Programs\Python\Python312\Lib\site-packages\keras\src\backend\tensorflow\core.py:204: The name tf.placeholder is deprecated. Please use tf.compat.v1.placeholder instead.

2026-04-05 13:28:49 | INFO     | smart_grid.models.lstm | TCN-BiLSTM-Attention v8 | 573993 параметров | input=(48,26) | TCN filters=48 dil=[1,2,4,8] | BiLSTM=96 | Attn heads=4 key_dim=48 | Dense 256/128 drop=0.25 | SeasonalSkip=True | lr=2e-04 | Huber(δ=0.05)
2026-04-05 13:28:49 | INFO     | smart_grid.models.transformer | VanillaTransformer v4 [sinusoidal] d=64 h=4 L=2 sdrop=0.05 | 87128 params
2026-04-05 13:28:49 | INFO     | smart_grid.models.transformer | PatchTST v4: history=48 patch=8 stride=4 → 11 patches | RevIN=True
2026-04-05 13:28:49 | INFO     | smart_grid.models.transformer | PatchTST v4 patch=8 stride=4 n_p=11 d=64 h=4 L=2 sdrop=0.05 RevIN=True | 98828 params
2026-04-05 13:28:49 | INFO     | smart_grid.models.baseline | XGBoost v5 (FullLags + RollingAllChannels + MultiHorizon) | ~165 признаков | 24 независимых модели + val-early-stopping | n_est=300 depth=5 min_cw=10
2026-04-05 13:28:49 | INFO     | smart_grid | Параметры: LSTM=572841 | VanillaTrans=87128 | PatchTST=98828
2026-04-05 13:28:49 | INFO     | smart_grid | 
[5/10] Обучение моделей...
2026-04-05 13:28:49 | INFO     | smart_grid.models.trainer | ============================================================
2026-04-05 13:28:49 | INFO     | smart_grid.models.trainer | Обучение модели: LSTM
2026-04-05 13:28:49 | INFO     | smart_grid.models.trainer | ============================================================
2026-04-05 13:32:19 | INFO     | smart_grid | ======================================================================
2026-04-05 13:32:19 | INFO     | smart_grid |   СИСТЕМА ПРОГНОЗИРОВАНИЯ ЭНЕРГОПОТРЕБЛЕНИЯ — SMART GRID
2026-04-05 13:32:19 | INFO     | smart_grid | ======================================================================
2026-04-05 13:32:19 | INFO     | smart_grid | Fast mode v9: DAYS=365 EPOCHS=120 N_FEATURES=26 | LSTM BiLSTM=96 TCN=48 | VanTr LR=5e-05
2026-04-05 13:32:19 | INFO     | smart_grid | 
[1/10] Генерация данных...
2026-04-05 13:32:19 | INFO     | smart_grid.data.generator | Генерация Smart Grid v5: 365 дней, 250 домохозяйств | EV=28% Solar=22%
2026-04-05 13:32:19 | INFO     | smart_grid.data.generator | Типы домохозяйств: ранние=70 (28%), стандартные=130 (52%), ночные=50 (20%)
2026-04-05 13:32:19 | INFO     | smart_grid.data.generator | Сгенерировано 8760 записей. Потребление: min=1593.9, mean=6581.0, max=15881.2 кВт·ч
2026-04-05 13:32:19 | INFO     | smart_grid.data.generator |   EV нагрузка: mean=120.2 кВт (3.7% базовой)
2026-04-05 13:32:19 | INFO     | smart_grid.data.generator |   Solar: mean=29.5 кВт, max=166.6 кВт
2026-04-05 13:32:19 | INFO     | smart_grid.data.generator |   DSR часов: 30 | CV потребления: 0.238
2026-04-05 13:32:19 | INFO     | smart_grid.data.generator | Валидация данных Smart Grid v5...
2026-04-05 13:32:19 | INFO     | smart_grid.data.generator |   ✅ NaN/Inf: нет
2026-04-05 13:32:19 | INFO     | smart_grid.data.generator |   ✅ Отрицательных значений: нет
2026-04-05 13:32:19 | INFO     | smart_grid.data.generator |   ✅ Утренний пик: 8:00
2026-04-05 13:32:19 | INFO     | smart_grid.data.generator |   ✅ Вечерний пик: 19:00
2026-04-05 13:32:19 | INFO     | smart_grid.data.generator |   ✅ Выходные/будни: 0.98
2026-04-05 13:32:19 | INFO     | smart_grid.data.generator |   ✅ Сезонность: зима=7768.0 > лето=5653.3
2026-04-05 13:32:19 | INFO     | smart_grid.data.generator |   ✅ Диапазон температур: -38.0..42.3°C
2026-04-05 13:32:19 | INFO     | smart_grid.data.generator |   ✅ ACF(lag=24) = 0.655
2026-04-05 13:32:19 | INFO     | smart_grid.data.generator |   ✅ ACF(lag=168) = 0.585
2026-04-05 13:32:19 | INFO     | smart_grid.data.generator |   ℹ️  EV нагрузка norm mean=0.349 | Solar norm mean=0.176 | DSR часов=30
2026-04-05 13:32:19 | INFO     | smart_grid.data.generator |   ℹ️  CV=0.238 (v4 было 0.372)
2026-04-05 13:32:19 | INFO     | smart_grid.data.generator | Валидация ПРОЙДЕНА
2026-04-05 13:32:19 | INFO     | smart_grid | ──────────────────────────────────────────────────
2026-04-05 13:32:19 | INFO     | smart_grid | КОНФИГУРАЦИЯ:
2026-04-05 13:32:19 | INFO     | smart_grid |   Данные:      365 дней, 250 домохозяйств
2026-04-05 13:32:19 | INFO     | smart_grid |   Признаки:    26 ковариат на шаг (мультивариантный вход)
2026-04-05 13:32:19 | INFO     | smart_grid |   История:     48 ч → прогноз 24 ч
2026-04-05 13:32:19 | INFO     | smart_grid |   Обучение:    120 эпох, batch=32, patience=20
2026-04-05 13:32:19 | INFO     | smart_grid |   LSTM v8:     BiLSTM=96 TCN_filters=48 attn=4h, drop=0.25, lr=0.0002, huber=0.05, input=(48,26)
2026-04-05 13:32:19 | INFO     | smart_grid |   Transformer: d=64 h=4 L=2 dff=128 drop=0.20, lr=0.0003 (Vanilla lr=5e-05), input=(48,26)
2026-04-05 13:32:19 | INFO     | smart_grid |   XGBoost:     n_est=300, depth=5, col=0.40
2026-04-05 13:32:19 | INFO     | smart_grid |   Тарифы:      пик=6.50 день=4.20 ночь=1.80 руб/кВт·ч
2026-04-05 13:32:19 | INFO     | smart_grid |   Батарея:     4500 кВт·ч, SOC 25%→75% (ΔE=2250 кВт·ч)
2026-04-05 13:32:19 | INFO     | smart_grid | ──────────────────────────────────────────────────
2026-04-05 13:32:19 | INFO     | smart_grid | 
[2/10] Исследовательский анализ данных...
2026-04-05 13:32:19 | INFO     | smart_grid.analysis.eda | Запуск EDA...
2026-04-05 13:32:19 | INFO     | smart_grid.analysis.eda | 
count     8760.000000
mean      6580.990234
std       1569.138062
min       1593.888550
25%       5587.458496
50%       6358.101318
75%       7402.696045
max      15881.240234
2026-04-05 13:32:19 | INFO     | smart_grid.analysis.eda | CV=0.238  Skew=0.794  Kurt=1.463
2026-04-05 13:32:20 | INFO     | smart_grid.analysis.eda | Декомпозиция временного ряда...
2026-04-05 13:32:22 | INFO     | smart_grid.analysis.eda | EDA завершён. Графики сохранены в: c:\Users\Admin\Desktop\smartgrid\results\plots
2026-04-05 13:32:22 | INFO     | smart_grid | 
[3/10] Подготовка данных (scaler fit только на train)...
2026-04-05 13:32:22 | INFO     | smart_grid.data.preprocessing | Лаговые колонки добавлены: load_lag_24h, load_lag_48h, load_lag_168h
2026-04-05 13:32:22 | INFO     | smart_grid.data.preprocessing | Данные подготовлены v6 | train=6061 val=1243 test=1243 | n_features=26
2026-04-05 13:32:22 | INFO     | smart_grid.data.preprocessing | X_train.shape: (6061, 48, 26)  Y_train.shape: (6061, 24)
2026-04-05 13:32:22 | INFO     | smart_grid.data.preprocessing | Скалеры: humidity=ok wind=ok rolling_std=ok cloud=ok
2026-04-05 13:32:22 | INFO     | smart_grid | ✅ ЧЕКЛИСТ X_train.shape=(6061, 48, 26) | 26 ковариат подтверждено
2026-04-05 13:32:22 | INFO     | smart_grid.data.preprocessing | validate_data_integrity ПРОЙДЕНА | train=6061 val=1243 test=1243 | Y in [0.064, 1.000]
2026-04-05 13:32:22 | INFO     | smart_grid | 
[4/10] Инициализация моделей...
2026-04-05 13:32:22 | WARNING  | tensorflow | From C:\Users\Admin\AppData\Local\Programs\Python\Python312\Lib\site-packages\keras\src\backend\tensorflow\core.py:204: The name tf.placeholder is deprecated. Please use tf.compat.v1.placeholder instead.

2026-04-05 13:32:23 | INFO     | smart_grid.models.lstm | TCN-BiLSTM-Attention v8 | 573993 params | input=(48,26) | TCN filters=48 | BiLSTM=96 | Attn heads=4 key_dim=48 | Dense 256/128 drop=0.25 | SeasonalSkip=True | lr=2e-04 | Huber(δ=0.05)
2026-04-05 13:32:23 | INFO     | smart_grid.models.transformer | VanillaTransformer v4 [sinusoidal] d=64 h=4 L=2 sdrop=0.05 | 87128 params
2026-04-05 13:32:23 | INFO     | smart_grid.models.transformer | PatchTST v4: history=48 patch=8 stride=4 → 11 patches | RevIN=True
2026-04-05 13:32:23 | INFO     | smart_grid.models.transformer | PatchTST v4 patch=8 stride=4 n_p=11 d=64 h=4 L=2 sdrop=0.05 RevIN=True | 98828 params
2026-04-05 13:32:23 | INFO     | smart_grid.models.baseline | XGBoost v5 (FullLags + RollingAllChannels + MultiHorizon) | ~165 признаков | 24 независимых модели + val-early-stopping | n_est=300 depth=5 min_cw=10
2026-04-05 13:32:23 | INFO     | smart_grid | Параметры: LSTM=572841 | VanillaTrans=87128 | PatchTST=98828
2026-04-05 13:32:23 | INFO     | smart_grid | 
[5/10] Обучение моделей...
2026-04-05 13:32:23 | INFO     | smart_grid.models.trainer | ============================================================
2026-04-05 13:32:23 | INFO     | smart_grid.models.trainer | Обучение модели: LSTM
2026-04-05 13:32:23 | INFO     | smart_grid.models.trainer | ============================================================
2026-04-05 13:47:40 | INFO     | smart_grid.models.trainer | LSTM: обучение завершено за 59 эпох
2026-04-05 13:47:40 | INFO     | smart_grid.models.trainer | LSTM обучена за 916.8 сек
2026-04-05 13:47:40 | INFO     | smart_grid.models.trainer | ============================================================
2026-04-05 13:47:40 | INFO     | smart_grid.models.trainer | Обучение модели: VanillaTransformer
2026-04-05 13:47:40 | INFO     | smart_grid.models.trainer | ============================================================
2026-04-05 14:00:16 | INFO     | smart_grid.models.trainer | VanillaTransformer: обучение завершено за 90 эпох
2026-04-05 14:00:16 | INFO     | smart_grid.models.trainer | VanillaTransformer обучена за 756.0 сек
2026-04-05 14:00:17 | INFO     | smart_grid.models.trainer | ============================================================
2026-04-05 14:00:17 | INFO     | smart_grid.models.trainer | Обучение модели: PatchTST
2026-04-05 14:00:17 | INFO     | smart_grid.models.trainer | ============================================================
2026-04-05 14:02:31 | INFO     | smart_grid.models.trainer | PatchTST: обучение завершено за 27 эпох
2026-04-05 14:02:31 | INFO     | smart_grid.models.trainer | PatchTST обучена за 134.6 сек
2026-04-05 14:02:32 | INFO     | smart_grid.models.trainer | ============================================================
2026-04-05 14:02:32 | INFO     | smart_grid.models.trainer | Обучение модели: LinearRegression
2026-04-05 14:02:32 | INFO     | smart_grid.models.trainer | ============================================================
2026-04-05 14:02:33 | INFO     | smart_grid.models.baseline | LinearRegression обучен | X_flat: 1248 фич
2026-04-05 14:02:33 | INFO     | smart_grid.models.trainer | LinearRegression обучена за 0.8 сек
2026-04-05 14:02:33 | INFO     | smart_grid.models.trainer | ============================================================
2026-04-05 14:02:33 | INFO     | smart_grid.models.trainer | Обучение модели: XGBoost
2026-04-05 14:02:33 | INFO     | smart_grid.models.trainer | ============================================================
2026-04-05 14:04:04 | INFO     | smart_grid.models.baseline | XGBoost обучен | lag-features: 242 | Y: (6061, 24)
2026-04-05 14:04:04 | INFO     | smart_grid.models.trainer | XGBoost обучена за 91.2 сек
2026-04-05 14:04:04 | INFO     | smart_grid | 
[6/10] Сравнение моделей на тестовой выборке...
2026-04-05 14:04:04 | INFO     | smart_grid.models.trainer | 
============================================================
2026-04-05 14:04:04 | INFO     | smart_grid.models.trainer | СРАВНЕНИЕ МОДЕЛЕЙ (split=TEST)
2026-04-05 14:04:04 | INFO     | smart_grid.models.trainer | ============================================================
2026-04-05 14:04:04 | INFO     | smart_grid.models.trainer | Модель                      MAE     RMSE    MAPE%      R2     DW   ACF24
2026-04-05 14:04:04 | INFO     | smart_grid.models.trainer | ----------------------------------------------------------------------
2026-04-05 14:04:07 | INFO     | smart_grid.utils.metrics | LSTM            | MAE= 1112.26 | RMSE= 1418.83 | MAPE= 14.06% | R²=0.2684
2026-04-05 14:04:07 | INFO     | smart_grid.models.trainer | ─ Диагностика остатков: LSTM (n=29832) ─────────────────────────
2026-04-05 14:04:07 | INFO     | smart_grid.models.trainer |   DW=0.3690  ACF(1)=0.7704  ACF(24)=0.7950  ACF(48)=0.6149  ACF(168)=0.1871
2026-04-05 14:04:07 | INFO     | smart_grid.models.trainer |   Skewness=0.1872  Kurtosis=3.4658
2026-04-05 14:04:07 | INFO     | smart_grid.models.trainer |   ⚠️  Рекомендации:
2026-04-05 14:04:07 | INFO     | smart_grid.models.trainer |     → DW=0.369 < 1.5: сильная автокорреляция. → Добавить load_lag_24h, load_lag_168h как ковариаты (preprocessing.py).
2026-04-05 14:04:07 | INFO     | smart_grid.models.trainer |     → ACF(24)=0.795 > 0.10: суточная компонента не устранена. → Проверить наличие load_lag_24h в feature matrix.
2026-04-05 14:04:07 | INFO     | smart_grid.models.trainer |     → ACF(168)=0.187 > 0.10: недельная компонента не устранена. → Добавить load_lag_168h.
2026-04-05 14:04:07 | INFO     | smart_grid.models.trainer |     → Kurtosis=3.47 > 3: тяжёлые хвосты. → Убедиться что используется Huber loss, не MSE (lstm.py).
2026-04-05 14:04:07 | INFO     | smart_grid.models.trainer | LSTM                    1112.26  1418.83   14.06% 0.2684  0.369   0.795
2026-04-05 14:04:10 | INFO     | smart_grid.utils.metrics | VanillaTransformer | MAE= 1173.67 | RMSE= 1528.17 | MAPE= 14.98% | R²=0.1513
2026-04-05 14:04:10 | INFO     | smart_grid.models.trainer | ─ Диагностика остатков: VanillaTransformer (n=29832) ─────────────────────────
2026-04-05 14:04:10 | INFO     | smart_grid.models.trainer |   DW=0.3830  ACF(1)=0.7839  ACF(24)=0.8107  ACF(48)=0.5938  ACF(168)=-0.0142
2026-04-05 14:04:10 | INFO     | smart_grid.models.trainer |   Skewness=0.3391  Kurtosis=3.2598
2026-04-05 14:04:10 | INFO     | smart_grid.models.trainer |   ⚠️  Рекомендации:
2026-04-05 14:04:10 | INFO     | smart_grid.models.trainer |     → DW=0.383 < 1.5: сильная автокорреляция. → Добавить load_lag_24h, load_lag_168h как ковариаты (preprocessing.py).
2026-04-05 14:04:10 | INFO     | smart_grid.models.trainer |     → ACF(24)=0.811 > 0.10: суточная компонента не устранена. → Проверить наличие load_lag_24h в feature matrix.
2026-04-05 14:04:10 | INFO     | smart_grid.models.trainer |     → Kurtosis=3.26 > 3: тяжёлые хвосты. → Убедиться что используется Huber loss, не MSE (lstm.py).
2026-04-05 14:04:10 | INFO     | smart_grid.models.trainer | VanillaTransformer      1173.67  1528.17   14.98% 0.1513  0.383   0.811
2026-04-05 14:04:11 | INFO     | smart_grid.utils.metrics | PatchTST        | MAE=  948.62 | RMSE= 1224.25 | MAPE= 13.10% | R²=0.4553
2026-04-05 14:04:11 | INFO     | smart_grid.models.trainer | ─ Диагностика остатков: PatchTST (n=29832) ─────────────────────────
2026-04-05 14:04:11 | INFO     | smart_grid.models.trainer |   DW=0.4849  ACF(1)=0.7575  ACF(24)=0.7695  ACF(48)=0.5736  ACF(168)=0.2161
2026-04-05 14:04:11 | INFO     | smart_grid.models.trainer |   Skewness=-0.0405  Kurtosis=3.4157
2026-04-05 14:04:11 | INFO     | smart_grid.models.trainer |   ⚠️  Рекомендации:
2026-04-05 14:04:11 | INFO     | smart_grid.models.trainer |     → DW=0.485 < 1.5: сильная автокорреляция. → Добавить load_lag_24h, load_lag_168h как ковариаты (preprocessing.py).
2026-04-05 14:04:11 | INFO     | smart_grid.models.trainer |     → ACF(24)=0.770 > 0.10: суточная компонента не устранена. → Проверить наличие load_lag_24h в feature matrix.
2026-04-05 14:04:11 | INFO     | smart_grid.models.trainer |     → ACF(168)=0.216 > 0.10: недельная компонента не устранена. → Добавить load_lag_168h.
2026-04-05 14:04:11 | INFO     | smart_grid.models.trainer |     → Kurtosis=3.42 > 3: тяжёлые хвосты. → Убедиться что используется Huber loss, не MSE (lstm.py).
2026-04-05 14:04:11 | INFO     | smart_grid.models.trainer | PatchTST                 948.62  1224.25   13.10% 0.4553  0.485   0.769
2026-04-05 14:04:11 | INFO     | smart_grid.utils.metrics | LinearRegression | MAE= 1052.82 | RMSE= 1350.39 | MAPE= 15.68% | R²=0.3373
2026-04-05 14:04:11 | INFO     | smart_grid.models.trainer | ─ Диагностика остатков: LinearRegression (n=29832) ─────────────────────────
2026-04-05 14:04:11 | INFO     | smart_grid.models.trainer |   DW=0.3511  ACF(1)=0.7461  ACF(24)=0.7500  ACF(48)=0.5582  ACF(168)=0.1924
2026-04-05 14:04:11 | INFO     | smart_grid.models.trainer |   Skewness=-0.2187  Kurtosis=3.2256
2026-04-05 14:04:11 | INFO     | smart_grid.models.trainer |   ⚠️  Рекомендации:
2026-04-05 14:04:11 | INFO     | smart_grid.models.trainer |     → DW=0.351 < 1.5: сильная автокорреляция. → Добавить load_lag_24h, load_lag_168h как ковариаты (preprocessing.py).
2026-04-05 14:04:11 | INFO     | smart_grid.models.trainer |     → ACF(24)=0.750 > 0.10: суточная компонента не устранена. → Проверить наличие load_lag_24h в feature matrix.
2026-04-05 14:04:11 | INFO     | smart_grid.models.trainer |     → ACF(168)=0.192 > 0.10: недельная компонента не устранена. → Добавить load_lag_168h.
2026-04-05 14:04:11 | INFO     | smart_grid.models.trainer |     → Kurtosis=3.23 > 3: тяжёлые хвосты. → Убедиться что используется Huber loss, не MSE (lstm.py).
2026-04-05 14:04:11 | INFO     | smart_grid.models.trainer | LinearRegression        1052.82  1350.39   15.68% 0.3373  0.351   0.750
2026-04-05 14:04:11 | INFO     | smart_grid.utils.metrics | XGBoost         | MAE=  891.90 | RMSE= 1148.98 | MAPE= 12.04% | R²=0.5202
2026-04-05 14:04:11 | INFO     | smart_grid.models.trainer | ─ Диагностика остатков: XGBoost (n=29832) ─────────────────────────
2026-04-05 14:04:11 | INFO     | smart_grid.models.trainer |   DW=0.5166  ACF(1)=0.7358  ACF(24)=0.7595  ACF(48)=0.5766  ACF(168)=0.2009
2026-04-05 14:04:11 | INFO     | smart_grid.models.trainer |   Skewness=-0.0699  Kurtosis=3.6360
2026-04-05 14:04:11 | INFO     | smart_grid.models.trainer |   ⚠️  Рекомендации:
2026-04-05 14:04:11 | INFO     | smart_grid.models.trainer |     → DW=0.517 < 1.5: сильная автокорреляция. → Добавить load_lag_24h, load_lag_168h как ковариаты (preprocessing.py).
2026-04-05 14:04:11 | INFO     | smart_grid.models.trainer |     → ACF(24)=0.760 > 0.10: суточная компонента не устранена. → Проверить наличие load_lag_24h в feature matrix.
2026-04-05 14:04:11 | INFO     | smart_grid.models.trainer |     → ACF(168)=0.201 > 0.10: недельная компонента не устранена. → Добавить load_lag_168h.
2026-04-05 14:04:11 | INFO     | smart_grid.models.trainer |     → Kurtosis=3.64 > 3: тяжёлые хвосты. → Убедиться что используется Huber loss, не MSE (lstm.py).
2026-04-05 14:04:11 | INFO     | smart_grid.models.trainer | XGBoost                  891.90  1148.98   12.04% 0.5202  0.517   0.759
2026-04-05 14:04:11 | INFO     | smart_grid.models.trainer | ----------------------------------------------------------------------
2026-04-05 14:04:11 | INFO     | smart_grid.models.trainer | Лучшая модель по MAE: XGBoost
2026-04-05 14:04:16 | INFO     | smart_grid | 🏆 Лучшая модель: XGBoost (MAE=891.90)
2026-04-05 14:04:16 | INFO     | smart_grid | 
[7/10] Визуализация весов внимания...
2026-04-05 14:04:17 | INFO     | smart_grid.utils.attention_viz | Attention heatmap: c:\Users\Admin\Desktop\smartgrid\results\plots\attention_VanillaTransformer_block_0.png
2026-04-05 14:04:18 | INFO     | smart_grid.utils.attention_viz | Attention heatmap: c:\Users\Admin\Desktop\smartgrid\results\plots\attention_VanillaTransformer_block_1.png
2026-04-05 14:04:18 | INFO     | smart_grid.utils.attention_viz | Summary attention: c:\Users\Admin\Desktop\smartgrid\results\plots\attention_summary_VanillaTransformer.png
2026-04-05 14:04:18 | INFO     | smart_grid.utils.attention_viz | Head specialization: c:\Users\Admin\Desktop\smartgrid\results\plots\head_specialization_VanillaTransformer.png
2026-04-05 14:04:19 | INFO     | smart_grid.utils.attention_viz | Attention heatmap: c:\Users\Admin\Desktop\smartgrid\results\plots\attention_PatchTST_block_0.png
2026-04-05 14:04:20 | INFO     | smart_grid.utils.attention_viz | Attention heatmap: c:\Users\Admin\Desktop\smartgrid\results\plots\attention_PatchTST_block_1.png
2026-04-05 14:04:21 | INFO     | smart_grid.utils.attention_viz | Summary attention: c:\Users\Admin\Desktop\smartgrid\results\plots\attention_summary_PatchTST.png
2026-04-05 14:04:21 | INFO     | smart_grid.utils.attention_viz | Head specialization: c:\Users\Admin\Desktop\smartgrid\results\plots\head_specialization_PatchTST.png
2026-04-05 14:04:21 | INFO     | smart_grid | 
[8/10] Анализ остатков лучшей модели: XGBoost
2026-04-05 14:04:21 | INFO     | smart_grid.analysis.residuals | Анализ остатков модели: XGBoost (n=29832)
2026-04-05 14:04:25 | INFO     | smart_grid.analysis.residuals | ADF тест: stat=-4.5500 p=0.0002 (стационарны)
2026-04-05 14:04:25 | INFO     | smart_grid.analysis.residuals | KPSS тест: stat=0.6333 p=0.0196
2026-04-05 14:04:28 | INFO     | smart_grid.analysis.residuals | Ljung-Box lag=10: p=0.0000  lag=20: p=0.0000
2026-04-05 14:04:28 | INFO     | smart_grid.analysis.residuals | Durbin-Watson: 0.5166 (2.0=нет автокорреляции)
2026-04-05 14:04:28 | INFO     | smart_grid.analysis.residuals | Jarque-Bera: stat=527.0258 p=0.0000
2026-04-05 14:04:29 | INFO     | smart_grid.analysis.residuals | График остатков: c:\Users\Admin\Desktop\smartgrid\results\plots\residuals_XGBoost.png
2026-04-05 14:04:29 | INFO     | smart_grid | 
[9/10] Скользящий бэктестинг...
2026-04-05 14:04:29 | INFO     | smart_grid.analysis.backtesting | Бэктестинг XGBoost: 8 окон по ~155 шагов
2026-04-05 14:04:29 | INFO     | smart_grid.analysis.backtesting |   Окно  1/8 | MAE=1009.42 MAPE=16.17%
2026-04-05 14:04:29 | INFO     | smart_grid.analysis.backtesting |   Окно  2/8 | MAE=923.83 MAPE=12.63%
2026-04-05 14:04:29 | INFO     | smart_grid.analysis.backtesting |   Окно  3/8 | MAE=757.07 MAPE=9.59%
2026-04-05 14:04:30 | INFO     | smart_grid.analysis.backtesting |   Окно  4/8 | MAE=697.99 MAPE=10.64%
2026-04-05 14:04:30 | INFO     | smart_grid.analysis.backtesting |   Окно  5/8 | MAE=673.76 MAPE=8.31%
2026-04-05 14:04:30 | INFO     | smart_grid.analysis.backtesting |   Окно  6/8 | MAE=864.66 MAPE=11.43%
2026-04-05 14:04:30 | INFO     | smart_grid.analysis.backtesting |   Окно  7/8 | MAE=945.78 MAPE=12.80%
2026-04-05 14:04:30 | INFO     | smart_grid.analysis.backtesting |   Окно  8/8 | MAE=1255.63 MAPE=14.71%
2026-04-05 14:04:30 | INFO     | smart_grid.analysis.backtesting | График бэктестинга: c:\Users\Admin\Desktop\smartgrid\results\plots\backtesting_XGBoost.png
2026-04-05 14:04:30 | INFO     | smart_grid.analysis.backtesting | Итого по бэктестингу XGBoost: MAE=891.02±178.23  MAPE=12.04±2.43%
2026-04-05 14:04:30 | INFO     | smart_grid | 
[10/10] Оптимизация накопителя энергии...
2026-04-05 14:04:30 | INFO     | smart_grid.optimization.storage | ──────────────────────────────────────────────────
2026-04-05 14:04:30 | INFO     | smart_grid.optimization.storage | Горизонт: 720 ч (30.0 сут) | SOC 25%→75% (ΔE=2250 кВт·ч)
2026-04-05 14:04:30 | INFO     | smart_grid.optimization.storage | Базовая стоимость:         22035392.42 руб
2026-04-05 14:04:30 | INFO     | smart_grid.optimization.storage | Оптимизированная (грязная):21815281.59 руб
2026-04-05 14:04:30 | INFO     | smart_grid.optimization.storage | Валовая экономия:           220110.83 руб
2026-04-05 14:04:30 | INFO     | smart_grid.optimization.storage |   ├─ Energy arbitrage:      220110.83 руб
2026-04-05 14:04:30 | INFO     | smart_grid.optimization.storage |   └─ Demand-charge эффект:       0.00 руб
2026-04-05 14:04:30 | INFO     | smart_grid.optimization.storage |      (пик-часы: baseline=11738 кВт → opt=11738 кВт, снижение=0 кВт)
2026-04-05 14:04:30 | INFO     | smart_grid.optimization.storage | Стоимость деградации:         6007.50 руб
2026-04-05 14:04:30 | INFO     | smart_grid.optimization.storage | O&M за горизонт:             55441.48 руб  (45 M × 1.5% × 0.0821 лет)
2026-04-05 14:04:30 | INFO     | smart_grid.optimization.storage | ЧИСТАЯ экономия:            158661.85 руб (0.72%)
2026-04-05 14:04:30 | INFO     | smart_grid.optimization.storage | Прокачано:                  100125.00 кВт·ч
2026-04-05 14:04:30 | INFO     | smart_grid.optimization.storage | Часов заряд/разряд:        23 / 22 из 720
2026-04-05 14:04:30 | INFO     | smart_grid.optimization.storage | Экономия/год (оценка):     1930385.87 руб/год
2026-04-05 14:04:30 | INFO     | smart_grid.optimization.storage | Срок окупаемости:                23.3 лет
2026-04-05 14:04:34 | INFO     | smart_grid.optimization.storage | ──────────────────────────────────────────────────
2026-04-05 14:04:34 | INFO     | smart_grid.optimization.storage | Горизонт: 720 ч (30.0 сут) | SOC 40%→60% (ΔE=900 кВт·ч)
2026-04-05 14:04:34 | INFO     | smart_grid.optimization.storage | Базовая стоимость:         22035392.42 руб
2026-04-05 14:04:34 | INFO     | smart_grid.optimization.storage | Оптимизированная (грязная):21947348.09 руб
2026-04-05 14:04:34 | INFO     | smart_grid.optimization.storage | Валовая экономия:            88044.33 руб
2026-04-05 14:04:34 | INFO     | smart_grid.optimization.storage |   ├─ Energy arbitrage:       88044.33 руб
2026-04-05 14:04:34 | INFO     | smart_grid.optimization.storage |   └─ Demand-charge эффект:       0.00 руб
2026-04-05 14:04:34 | INFO     | smart_grid.optimization.storage |      (пик-часы: baseline=11738 кВт → opt=11738 кВт, снижение=0 кВт)
2026-04-05 14:04:34 | INFO     | smart_grid.optimization.storage | Стоимость деградации:         2403.00 руб
2026-04-05 14:04:34 | INFO     | smart_grid.optimization.storage | O&M за горизонт:             55441.48 руб  (45 M × 1.5% × 0.0821 лет)
2026-04-05 14:04:34 | INFO     | smart_grid.optimization.storage | ЧИСТАЯ экономия:             30199.85 руб (0.14%)
2026-04-05 14:04:34 | INFO     | smart_grid.optimization.storage | Прокачано:                   40050.00 кВт·ч
2026-04-05 14:04:34 | INFO     | smart_grid.optimization.storage | Часов заряд/разряд:        23 / 22 из 720
2026-04-05 14:04:34 | INFO     | smart_grid.optimization.storage | Экономия/год (оценка):      367431.56 руб/год
2026-04-05 14:04:34 | INFO     | smart_grid.optimization.storage | Срок окупаемости:               122.5 лет
2026-04-05 14:04:34 | INFO     | smart_grid.optimization.storage | Стратегия: Консервативная (SOC 40%→60%, ΔE=900 кВт·ч)
2026-04-05 14:04:34 | INFO     | smart_grid.optimization.storage | ──────────────────────────────────────────────────
2026-04-05 14:04:34 | INFO     | smart_grid.optimization.storage | Горизонт: 720 ч (30.0 сут) | SOC 25%→75% (ΔE=2250 кВт·ч)
2026-04-05 14:04:34 | INFO     | smart_grid.optimization.storage | Базовая стоимость:         22035392.42 руб
2026-04-05 14:04:34 | INFO     | smart_grid.optimization.storage | Оптимизированная (грязная):21815281.59 руб
2026-04-05 14:04:34 | INFO     | smart_grid.optimization.storage | Валовая экономия:           220110.83 руб
2026-04-05 14:04:34 | INFO     | smart_grid.optimization.storage |   ├─ Energy arbitrage:      220110.83 руб
2026-04-05 14:04:34 | INFO     | smart_grid.optimization.storage |   └─ Demand-charge эффект:       0.00 руб
2026-04-05 14:04:34 | INFO     | smart_grid.optimization.storage |      (пик-часы: baseline=11738 кВт → opt=11738 кВт, снижение=0 кВт)
2026-04-05 14:04:34 | INFO     | smart_grid.optimization.storage | Стоимость деградации:         6007.50 руб
2026-04-05 14:04:34 | INFO     | smart_grid.optimization.storage | O&M за горизонт:             55441.48 руб  (45 M × 1.5% × 0.0821 лет)
2026-04-05 14:04:34 | INFO     | smart_grid.optimization.storage | ЧИСТАЯ экономия:            158661.85 руб (0.72%)
2026-04-05 14:04:34 | INFO     | smart_grid.optimization.storage | Прокачано:                  100125.00 кВт·ч
2026-04-05 14:04:34 | INFO     | smart_grid.optimization.storage | Часов заряд/разряд:        23 / 22 из 720
2026-04-05 14:04:34 | INFO     | smart_grid.optimization.storage | Экономия/год (оценка):     1930385.87 руб/год
2026-04-05 14:04:34 | INFO     | smart_grid.optimization.storage | Срок окупаемости:                23.3 лет
2026-04-05 14:04:34 | INFO     | smart_grid.optimization.storage | Стратегия: Умеренная (SOC 25%→75%, ΔE=2250 кВт·ч)
2026-04-05 14:04:34 | INFO     | smart_grid.optimization.storage | ──────────────────────────────────────────────────
2026-04-05 14:04:34 | INFO     | smart_grid.optimization.storage | Горизонт: 720 ч (30.0 сут) | SOC 8%→92% (ΔE=3780 кВт·ч)
2026-04-05 14:04:34 | INFO     | smart_grid.optimization.storage | Базовая стоимость:         22035392.42 руб
2026-04-05 14:04:34 | INFO     | smart_grid.optimization.storage | Оптимизированная (грязная):21662780.68 руб
2026-04-05 14:04:34 | INFO     | smart_grid.optimization.storage | Валовая экономия:           372611.74 руб
2026-04-05 14:04:34 | INFO     | smart_grid.optimization.storage |   ├─ Energy arbitrage:      372611.74 руб
2026-04-05 14:04:34 | INFO     | smart_grid.optimization.storage |   └─ Demand-charge эффект:       0.00 руб
2026-04-05 14:04:34 | INFO     | smart_grid.optimization.storage |      (пик-часы: baseline=11738 кВт → opt=11738 кВт, снижение=0 кВт)
2026-04-05 14:04:34 | INFO     | smart_grid.optimization.storage | Стоимость деградации:        10000.80 руб
2026-04-05 14:04:34 | INFO     | smart_grid.optimization.storage | O&M за горизонт:             55441.48 руб  (45 M × 1.5% × 0.0821 лет)
2026-04-05 14:04:34 | INFO     | smart_grid.optimization.storage | ЧИСТАЯ экономия:            307169.46 руб (1.39%)
2026-04-05 14:04:34 | INFO     | smart_grid.optimization.storage | Прокачано:                  166680.00 кВт·ч
2026-04-05 14:04:34 | INFO     | smart_grid.optimization.storage | Часов заряд/разряд:        44 / 44 из 720
2026-04-05 14:04:34 | INFO     | smart_grid.optimization.storage | Экономия/год (оценка):     3737228.45 руб/год
2026-04-05 14:04:34 | INFO     | smart_grid.optimization.storage | Срок окупаемости:                12.0 лет
2026-04-05 14:04:34 | INFO     | smart_grid.optimization.storage | Стратегия: Агрессивная (SOC 8%→92%, ΔE=3780 кВт·ч)
2026-04-05 14:04:34 | INFO     | smart_grid.optimization.storage | ═════════════════════════════════════════════════════════════════
2026-04-05 14:04:34 | INFO     | smart_grid.optimization.storage | Стратегия            ΔE кВт·ч   Чистая экон.     Экон.%    Окупаем.
2026-04-05 14:04:34 | INFO     | smart_grid.optimization.storage | ─────────────────────────────────────────────────────────────────
2026-04-05 14:04:34 | INFO     | smart_grid.optimization.storage | Консервативная            900        30200 руб     0.14%   122.5 лет
2026-04-05 14:04:34 | INFO     | smart_grid.optimization.storage | Умеренная                2250       158662 руб     0.72%    23.3 лет
2026-04-05 14:04:34 | INFO     | smart_grid.optimization.storage | Агрессивная              3780       307169 руб     1.39%    12.0 лет
2026-04-05 14:04:34 | INFO     | smart_grid.optimization.storage | ═════════════════════════════════════════════════════════════════
2026-04-05 14:04:34 | INFO     | smart_grid.optimization.storage | 🏆 Лучшая: Агрессивная | 1.39% | окупаемость 12.0 лет
2026-04-05 14:04:34 | INFO     | smart_grid | 
======================================================================
2026-04-05 14:04:34 | INFO     | smart_grid | ✅ Пайплайн завершён успешно!
2026-04-05 14:04:34 | INFO     | smart_grid | 📁 Результаты в: c:\Users\Admin\Desktop\smartgrid\results
2026-04-05 14:04:34 | INFO     | smart_grid | ======================================================================
